user_columns_setting_id	user_id	list_type	column_name	column_group_name	display_number	column_width
1		Intern_KanriGroupOffice	ID		1	0
2		Intern_KanriGroupOffice	帳票		2	0
3		Intern_KanriGroupOffice	事業所名		3	0
4		Intern_KanriGroupOffice	事業所名（かな）		4	0
5		Intern_KanriGroupOffice	代表番号		5	0
6		Intern_KanriGroupOffice	郵便番号		6	0
7		Intern_KanriGroupOffice	所在地		7	0
8		Intern_KanriGroupOffice	法人番号		8	0
9		Intern_KanriGroupOffice	事業所床面積		9	0
10		Intern_KanriGroupOffice	職員数（常勤数）		10	0
11		Intern_KanriGroupOffice	職員数（非常勤数）		11	0
12		Intern_KanriGroupOffice	職員数（合計）		12	0
13		Intern_KanriGroupOffice	事業所枝番号		13	0
14		Intern_KanriGroupOffice	監理団体許可番号		14	0
15		Intern_KanriGroupOffice	許可年月日		15	0
16		Intern_KanriGroupOffice	計画対象期間（開始）		16	0
17		Intern_KanriGroupOffice	計画対象期間（終了）		17	0
18		Intern_KanriGroupOffice	新設年月日		18	0
19		Intern_KanriGroupOffice	廃止年月日		19	0
20		Intern_KanriGroupOffice	移行対象職種の取扱い職種の範囲		20	0
21		Intern_KanriGroupOffice	実習監理する団体監理型技能実習が行われる地域		21	0
22		Intern_KanriGroupOffice	監査実施頻度		22	0
23		Intern_KanriGroupOffice	識別コード		23	0
24		Intern_KanriGroupOffice	備考欄（自由記載項目）		24	0
25		Intern_KanriGroupStaff	ID		1	0
26		Intern_KanriGroupStaff	社員名		2	0
27		Intern_KanriGroupStaff	よみがな		3	0
28		Intern_KanriGroupStaff	生年月日		4	0
29		Intern_KanriGroupStaff	性別		5	0
30		Intern_KanriGroupStaff	役職		6	0
31		Intern_KanriGroupStaff	国籍		7	0
32		Intern_KanriGroupStaff	勤務先		8	0
33		Intern_KanriGroupStaff	代表理事		9	0
34		Intern_KanriGroupStaff	責任者役員		10	0
35		Intern_KanriGroupStaff	役員		11	0
36		Intern_KanriGroupStaff	監理責任者		12	0
37		Intern_KanriGroupStaff	計画作成指導担当		13	0
38		Intern_KanriGroupStaff	調整担当者		14	0
39		Intern_KanriGroupStaff	説明担当者		15	0
40		Intern_KanriGroupStaff	代表番号		16	0
41		Intern_KanriGroupStaff	郵便番号		17	0
42		Intern_KanriGroupStaff	住所		18	0
43		Intern_KanriGroupStaff	資格・免許		19	0
44		Intern_KanriGroupStaff	メールアドレス		20	0
45		Intern_KanriGroupStaff	住民票提出		21	0
46		Intern_KanriGroupStaff	監理事業に従事した経歴（他の監理団体におけるものも含む。）		22	0
47		Intern_KanriGroupStaff	技能実習への関与歴		23	0
48		Intern_KanriGroupStaff	技能実習に係る監理・指導等の経歴		24	0
49		Intern_KanriGroupStaff	作成指導を行うこととなる取扱職種についての経験年数		25	0
50		Intern_KanriGroupStaff	作成指導を行うこととなる取扱職種に係る技能実習計画作成の指導歴		26	0
51		Intern_KanriGroupStaff	識別コード		27	0
52		Intern_KanriGroupStaff	備考欄（自由記載項目）		28	0
53		Intern_KanriGroupOrgan	ID		1	0
54		Intern_KanriGroupOrgan	送出機関名		2	0
55		Intern_KanriGroupOrgan	呼称		3	0
56		Intern_KanriGroupOrgan	住所		4	0
57		Intern_KanriGroupOrgan	電話番号		5	0
58		Intern_KanriGroupOrgan	メールアドレス		6	0
59		Intern_KanriGroupOrgan	主要業務		7	0
60		Intern_KanriGroupOrgan	国籍		8	0
61		Intern_KanriGroupOrgan	設立年月日		9	0
62		Intern_KanriGroupOrgan	資本金		10	0
63		Intern_KanriGroupOrgan	売上		11	0
64		Intern_KanriGroupOrgan	常勤数		12	0
65		Intern_KanriGroupOrgan	代表者名		13	0
66		Intern_KanriGroupOrgan	役職		14	0
67		Intern_KanriGroupOrgan	識別コード		15	0
68		Intern_KanriGroupOrgan	備考欄（自由記載項目）		16	0
69		Intern_KanriGroupLecture	ID		1	0
70		Intern_KanriGroupLecture	講習施設名		2	0
71		Intern_KanriGroupLecture	電話番号		3	0
72		Intern_KanriGroupLecture	郵便番号		4	0
73		Intern_KanriGroupLecture	所在地		5	0
74		Intern_KanriGroupLecture	①氏名		6	0
75		Intern_KanriGroupLecture	①職業		7	0
76		Intern_KanriGroupLecture	①所属機関		8	0
77		Intern_KanriGroupLecture	①専門的知識の経歴		9	0
78		Intern_KanriGroupLecture	①資格・免許		10	0
79		Intern_KanriGroupLecture	②氏名		11	0
80		Intern_KanriGroupLecture	②職業		12	0
81		Intern_KanriGroupLecture	②所属機関		13	0
82		Intern_KanriGroupLecture	②専門的知識の経歴		14	0
83		Intern_KanriGroupLecture	②資格・免許		15	0
84		Intern_KanriGroupLecture	③氏名		16	0
85		Intern_KanriGroupLecture	③職業		17	0
86		Intern_KanriGroupLecture	③所属機関		18	0
87		Intern_KanriGroupLecture	③専門的知識の経歴		19	0
88		Intern_KanriGroupLecture	③資格・免許		20	0
89		Intern_KanriGroupLecture	④氏名		21	0
90		Intern_KanriGroupLecture	④職業		22	0
91		Intern_KanriGroupLecture	④所属機関		23	0
92		Intern_KanriGroupLecture	④専門的知識の経歴		24	0
93		Intern_KanriGroupLecture	④資格・免許		25	0
94		Intern_KanriGroupLecture	⑤氏名		26	0
95		Intern_KanriGroupLecture	⑤職業		27	0
96		Intern_KanriGroupLecture	⑤所属機関		28	0
97		Intern_KanriGroupLecture	⑤専門的知識の経歴		29	0
98		Intern_KanriGroupLecture	⑤資格・免許		30	0
99		Intern_KanriGroupLecture	講習手当 ①支給の有無		31	0
100		Intern_KanriGroupLecture	講習手当 ②備考		32	0
101		Intern_KanriGroupLecture	食費 ①支給の有無		33	0
102		Intern_KanriGroupLecture	食費 ②技能実習生の負担の有無		34	0
103		Intern_KanriGroupLecture	食費 ③備考		35	0
104		Intern_KanriGroupLecture	居住費 ①支給の有無		36	0
105		Intern_KanriGroupLecture	居住費 ②技能実習生の負担の有無		37	0
106		Intern_KanriGroupLecture	居住費 ③形態		38	0
107		Intern_KanriGroupLecture	居住費 ④名称		39	0
108		Intern_KanriGroupLecture	居住費 ⑤-1　電話番号		40	0
109		Intern_KanriGroupLecture	居住費 ⑤-2　郵便番号		41	0
110		Intern_KanriGroupLecture	居住費 ⑤-3,⑤-4　住所		42	0
111		Intern_KanriGroupLecture	居住費 ⑥規模		43	0
112		Intern_KanriGroupLecture	その他		44	0
113		Intern_KanriGroupLecture	識別コード		45	0
114		Intern_KanriGroupLecture	備考欄（自由記載項目）		46	0
203		Intern_CompanyOffice	ID		1	0
204		Intern_CompanyOffice	所属実施者名		2	0
205		Intern_CompanyOffice	事業所名		3	0
206		Intern_CompanyOffice	事業所名（かな）		4	0
207		Intern_CompanyOffice	電話番号		5	0
208		Intern_CompanyOffice	郵便番号		6	0
209		Intern_CompanyOffice	所在地		7	0
210		Intern_CompanyOffice	労働保険番号		8	0
211		Intern_CompanyOffice	事務員		9	0
212		Intern_CompanyOffice	現場部員		10	0
213		Intern_CompanyOffice	合計		11	0
214		Intern_CompanyOffice	施設の類型種別コード		12	0
215		Intern_CompanyOffice	事業の類型種別コード		13	0
216		Intern_CompanyOffice	指定等を受けた行政庁		14	0
217		Intern_CompanyOffice	常勤の介護職員数		15	0
218		Intern_CompanyOffice	技能実習指導員数		16	0
219		Intern_CompanyOffice	識別コード		17	0
220		Intern_CompanyOffice	備考欄（自由記載項目）		18	0
221		Intern_CompanyStaff	ID		1	0
222		Intern_CompanyStaff	名前		2	0
223		Intern_CompanyStaff	よみがな		3	0
224		Intern_CompanyStaff	生年月日		4	0
225		Intern_CompanyStaff	性別		5	0
226		Intern_CompanyStaff	国籍		6	0
227		Intern_CompanyStaff	代表番号		7	0
228		Intern_CompanyStaff	郵便番号		8	0
229		Intern_CompanyStaff	住所		9	0
230		Intern_CompanyStaff	メールアドレス		10	0
231		Intern_CompanyStaff	住民票提出		11	0
232		Intern_CompanyStaff	所属実施者名		12	0
233		Intern_CompanyStaff	実習事業所名		13	0
234		Intern_CompanyStaff	担当部署		14	0
235		Intern_CompanyStaff	役職		15	0
236		Intern_CompanyStaff	代表取締役		16	0
237		Intern_CompanyStaff	役員		17	0
238		Intern_CompanyStaff	実習責任者		18	0
239		Intern_CompanyStaff	実習指導員		19	0
240		Intern_CompanyStaff	生活指導員		20	0
241		Intern_CompanyStaff	調整担当者		21	0
242		Intern_CompanyStaff	連絡担当		22	0
243		Intern_CompanyStaff	資格・免許		23	0
244		Intern_CompanyStaff	技能実習に係る指導・監督等の経歴		24	0
245		Intern_CompanyStaff	指導する技能等の経験年数１		25	0
246		Intern_CompanyStaff	指導する技能等の経験年数２		26	0
247		Intern_CompanyStaff	識別コード		27	0
248		Intern_CompanyStaff	備考欄（自由記載項目）		28	0
249		Intern_CompanyHotel	ID		1	0
250		Intern_CompanyHotel	施設形態		2	0
251		Intern_CompanyHotel	形態「その他」の詳細		3	0
252		Intern_CompanyHotel	宿泊施設名		4	0
253		Intern_CompanyHotel	代表番号		5	0
254		Intern_CompanyHotel	郵便番号		6	0
255		Intern_CompanyHotel	住所		7	0
256		Intern_CompanyHotel	施設総面積		8	0
257		Intern_CompanyHotel	収容人員数		9	0
258		Intern_CompanyHotel	1人あたりの居室面積		10	0
259		Intern_CompanyHotel	提供者区分		11	0
260		Intern_CompanyHotel	提供する実施者名		12	0
261		Intern_CompanyHotel	技能実習生の負担額詳細		13	0
262		Intern_CompanyHotel	その他備考		14	0
263		Intern_CompanyHotel	識別コード		15	0
264		Intern_CompanyHotel	備考欄（自由記載項目）		16	0
265	1	Intern_KanriGroupOffice	ID		1	0
266	2	Intern_KanriGroupOffice	ID		1	0
267	3	Intern_KanriGroupOffice	ID		1	0
268	4	Intern_KanriGroupOffice	ID		1	0
269	5	Intern_KanriGroupOffice	ID		1	0
270	6	Intern_KanriGroupOffice	ID		1	0
271	7	Intern_KanriGroupOffice	ID		1	0
272	8	Intern_KanriGroupOffice	ID		1	0
273	9	Intern_KanriGroupOffice	ID		1	0
274	10	Intern_KanriGroupOffice	ID		1	0
275	11	Intern_KanriGroupOffice	ID		1	0
276	12	Intern_KanriGroupOffice	ID		1	0
277	13	Intern_KanriGroupOffice	ID		1	0
278	1	Intern_KanriGroupOffice	帳票		2	0
279	2	Intern_KanriGroupOffice	帳票		2	0
280	3	Intern_KanriGroupOffice	帳票		2	0
281	4	Intern_KanriGroupOffice	帳票		2	0
282	5	Intern_KanriGroupOffice	帳票		2	0
283	6	Intern_KanriGroupOffice	帳票		2	0
284	7	Intern_KanriGroupOffice	帳票		2	0
285	8	Intern_KanriGroupOffice	帳票		2	0
286	9	Intern_KanriGroupOffice	帳票		2	0
287	10	Intern_KanriGroupOffice	帳票		2	0
288	11	Intern_KanriGroupOffice	帳票		2	0
289	12	Intern_KanriGroupOffice	帳票		2	0
290	13	Intern_KanriGroupOffice	帳票		2	0
291	1	Intern_KanriGroupOffice	事業所名		3	0
292	2	Intern_KanriGroupOffice	事業所名		3	0
293	3	Intern_KanriGroupOffice	事業所名		3	0
294	4	Intern_KanriGroupOffice	事業所名		3	0
295	5	Intern_KanriGroupOffice	事業所名		3	0
296	6	Intern_KanriGroupOffice	事業所名		3	0
297	7	Intern_KanriGroupOffice	事業所名		3	0
298	8	Intern_KanriGroupOffice	事業所名		3	0
299	9	Intern_KanriGroupOffice	事業所名		3	0
300	10	Intern_KanriGroupOffice	事業所名		3	0
301	11	Intern_KanriGroupOffice	事業所名		3	0
302	12	Intern_KanriGroupOffice	事業所名		3	0
303	13	Intern_KanriGroupOffice	事業所名		3	0
304	1	Intern_KanriGroupOffice	所在地		4	0
305	2	Intern_KanriGroupOffice	所在地		4	0
306	3	Intern_KanriGroupOffice	所在地		4	0
307	4	Intern_KanriGroupOffice	所在地		4	0
308	5	Intern_KanriGroupOffice	所在地		4	0
309	6	Intern_KanriGroupOffice	所在地		4	0
310	7	Intern_KanriGroupOffice	所在地		4	0
311	8	Intern_KanriGroupOffice	所在地		4	0
312	9	Intern_KanriGroupOffice	所在地		4	0
313	10	Intern_KanriGroupOffice	所在地		4	0
314	11	Intern_KanriGroupOffice	所在地		4	0
315	12	Intern_KanriGroupOffice	所在地		4	0
316	13	Intern_KanriGroupOffice	所在地		4	0
317	1	Intern_KanriGroupOffice	許可年月日		5	0
318	2	Intern_KanriGroupOffice	許可年月日		5	0
319	3	Intern_KanriGroupOffice	許可年月日		5	0
320	4	Intern_KanriGroupOffice	許可年月日		5	0
321	5	Intern_KanriGroupOffice	許可年月日		5	0
322	6	Intern_KanriGroupOffice	許可年月日		5	0
323	7	Intern_KanriGroupOffice	許可年月日		5	0
324	8	Intern_KanriGroupOffice	許可年月日		5	0
325	9	Intern_KanriGroupOffice	許可年月日		5	0
326	10	Intern_KanriGroupOffice	許可年月日		5	0
327	11	Intern_KanriGroupOffice	許可年月日		5	0
328	12	Intern_KanriGroupOffice	許可年月日		5	0
329	13	Intern_KanriGroupOffice	許可年月日		5	0
330	1	Intern_KanriGroupStaff	ID		1	0
331	2	Intern_KanriGroupStaff	ID		1	0
332	3	Intern_KanriGroupStaff	ID		1	0
333	4	Intern_KanriGroupStaff	ID		1	0
334	5	Intern_KanriGroupStaff	ID		1	0
335	6	Intern_KanriGroupStaff	ID		1	0
336	7	Intern_KanriGroupStaff	ID		1	0
337	8	Intern_KanriGroupStaff	ID		1	0
338	9	Intern_KanriGroupStaff	ID		1	0
339	10	Intern_KanriGroupStaff	ID		1	0
340	11	Intern_KanriGroupStaff	ID		1	0
341	12	Intern_KanriGroupStaff	ID		1	0
342	13	Intern_KanriGroupStaff	ID		1	0
343	1	Intern_KanriGroupStaff	社員名		2	0
344	2	Intern_KanriGroupStaff	社員名		2	0
345	3	Intern_KanriGroupStaff	社員名		2	0
346	4	Intern_KanriGroupStaff	社員名		2	0
347	5	Intern_KanriGroupStaff	社員名		2	0
348	6	Intern_KanriGroupStaff	社員名		2	0
349	7	Intern_KanriGroupStaff	社員名		2	0
350	8	Intern_KanriGroupStaff	社員名		2	0
351	9	Intern_KanriGroupStaff	社員名		2	0
352	10	Intern_KanriGroupStaff	社員名		2	0
353	11	Intern_KanriGroupStaff	社員名		2	0
354	12	Intern_KanriGroupStaff	社員名		2	0
355	13	Intern_KanriGroupStaff	社員名		2	0
356	1	Intern_KanriGroupStaff	役職		3	0
357	2	Intern_KanriGroupStaff	役職		3	0
358	3	Intern_KanriGroupStaff	役職		3	0
359	4	Intern_KanriGroupStaff	役職		3	0
360	5	Intern_KanriGroupStaff	役職		3	0
361	6	Intern_KanriGroupStaff	役職		3	0
362	7	Intern_KanriGroupStaff	役職		3	0
363	8	Intern_KanriGroupStaff	役職		3	0
364	9	Intern_KanriGroupStaff	役職		3	0
365	10	Intern_KanriGroupStaff	役職		3	0
366	11	Intern_KanriGroupStaff	役職		3	0
367	12	Intern_KanriGroupStaff	役職		3	0
368	13	Intern_KanriGroupStaff	役職		3	0
369	1	Intern_KanriGroupStaff	代表理事		4	0
370	2	Intern_KanriGroupStaff	代表理事		4	0
371	3	Intern_KanriGroupStaff	代表理事		4	0
372	4	Intern_KanriGroupStaff	代表理事		4	0
373	5	Intern_KanriGroupStaff	代表理事		4	0
374	6	Intern_KanriGroupStaff	代表理事		4	0
375	7	Intern_KanriGroupStaff	代表理事		4	0
376	8	Intern_KanriGroupStaff	代表理事		4	0
377	9	Intern_KanriGroupStaff	代表理事		4	0
378	10	Intern_KanriGroupStaff	代表理事		4	0
379	11	Intern_KanriGroupStaff	代表理事		4	0
380	12	Intern_KanriGroupStaff	代表理事		4	0
381	13	Intern_KanriGroupStaff	代表理事		4	0
382	1	Intern_KanriGroupStaff	責任者役員		5	0
383	2	Intern_KanriGroupStaff	責任者役員		5	0
384	3	Intern_KanriGroupStaff	責任者役員		5	0
385	4	Intern_KanriGroupStaff	責任者役員		5	0
386	5	Intern_KanriGroupStaff	責任者役員		5	0
387	6	Intern_KanriGroupStaff	責任者役員		5	0
388	7	Intern_KanriGroupStaff	責任者役員		5	0
389	8	Intern_KanriGroupStaff	責任者役員		5	0
390	9	Intern_KanriGroupStaff	責任者役員		5	0
391	10	Intern_KanriGroupStaff	責任者役員		5	0
392	11	Intern_KanriGroupStaff	責任者役員		5	0
393	12	Intern_KanriGroupStaff	責任者役員		5	0
394	13	Intern_KanriGroupStaff	責任者役員		5	0
395	1	Intern_KanriGroupStaff	役員		6	0
396	2	Intern_KanriGroupStaff	役員		6	0
397	3	Intern_KanriGroupStaff	役員		6	0
398	4	Intern_KanriGroupStaff	役員		6	0
399	5	Intern_KanriGroupStaff	役員		6	0
400	6	Intern_KanriGroupStaff	役員		6	0
401	7	Intern_KanriGroupStaff	役員		6	0
402	8	Intern_KanriGroupStaff	役員		6	0
403	9	Intern_KanriGroupStaff	役員		6	0
404	10	Intern_KanriGroupStaff	役員		6	0
405	11	Intern_KanriGroupStaff	役員		6	0
406	12	Intern_KanriGroupStaff	役員		6	0
407	13	Intern_KanriGroupStaff	役員		6	0
408	1	Intern_KanriGroupStaff	監理責任者		7	0
409	2	Intern_KanriGroupStaff	監理責任者		7	0
410	3	Intern_KanriGroupStaff	監理責任者		7	0
411	4	Intern_KanriGroupStaff	監理責任者		7	0
412	5	Intern_KanriGroupStaff	監理責任者		7	0
413	6	Intern_KanriGroupStaff	監理責任者		7	0
414	7	Intern_KanriGroupStaff	監理責任者		7	0
415	8	Intern_KanriGroupStaff	監理責任者		7	0
416	9	Intern_KanriGroupStaff	監理責任者		7	0
417	10	Intern_KanriGroupStaff	監理責任者		7	0
418	11	Intern_KanriGroupStaff	監理責任者		7	0
419	12	Intern_KanriGroupStaff	監理責任者		7	0
420	13	Intern_KanriGroupStaff	監理責任者		7	0
421	1	Intern_KanriGroupStaff	計画作成指導担当		8	0
422	2	Intern_KanriGroupStaff	計画作成指導担当		8	0
423	3	Intern_KanriGroupStaff	計画作成指導担当		8	0
424	4	Intern_KanriGroupStaff	計画作成指導担当		8	0
425	5	Intern_KanriGroupStaff	計画作成指導担当		8	0
426	6	Intern_KanriGroupStaff	計画作成指導担当		8	0
427	7	Intern_KanriGroupStaff	計画作成指導担当		8	0
428	8	Intern_KanriGroupStaff	計画作成指導担当		8	0
429	9	Intern_KanriGroupStaff	計画作成指導担当		8	0
430	10	Intern_KanriGroupStaff	計画作成指導担当		8	0
431	11	Intern_KanriGroupStaff	計画作成指導担当		8	0
432	12	Intern_KanriGroupStaff	計画作成指導担当		8	0
433	13	Intern_KanriGroupStaff	計画作成指導担当		8	0
434	1	Intern_KanriGroupStaff	調整担当者		9	0
435	2	Intern_KanriGroupStaff	調整担当者		9	0
436	3	Intern_KanriGroupStaff	調整担当者		9	0
437	4	Intern_KanriGroupStaff	調整担当者		9	0
438	5	Intern_KanriGroupStaff	調整担当者		9	0
439	6	Intern_KanriGroupStaff	調整担当者		9	0
440	7	Intern_KanriGroupStaff	調整担当者		9	0
441	8	Intern_KanriGroupStaff	調整担当者		9	0
442	9	Intern_KanriGroupStaff	調整担当者		9	0
443	10	Intern_KanriGroupStaff	調整担当者		9	0
444	11	Intern_KanriGroupStaff	調整担当者		9	0
445	12	Intern_KanriGroupStaff	調整担当者		9	0
446	13	Intern_KanriGroupStaff	調整担当者		9	0
447	1	Intern_KanriGroupStaff	説明担当者		10	0
448	2	Intern_KanriGroupStaff	説明担当者		10	0
449	3	Intern_KanriGroupStaff	説明担当者		10	0
450	4	Intern_KanriGroupStaff	説明担当者		10	0
451	5	Intern_KanriGroupStaff	説明担当者		10	0
452	6	Intern_KanriGroupStaff	説明担当者		10	0
453	7	Intern_KanriGroupStaff	説明担当者		10	0
454	8	Intern_KanriGroupStaff	説明担当者		10	0
455	9	Intern_KanriGroupStaff	説明担当者		10	0
456	10	Intern_KanriGroupStaff	説明担当者		10	0
457	11	Intern_KanriGroupStaff	説明担当者		10	0
458	12	Intern_KanriGroupStaff	説明担当者		10	0
459	13	Intern_KanriGroupStaff	説明担当者		10	0
460	1	Intern_KanriGroupOrgan	ID		1	0
461	2	Intern_KanriGroupOrgan	ID		1	0
462	3	Intern_KanriGroupOrgan	ID		1	0
463	4	Intern_KanriGroupOrgan	ID		1	0
464	5	Intern_KanriGroupOrgan	ID		1	0
465	6	Intern_KanriGroupOrgan	ID		1	0
466	7	Intern_KanriGroupOrgan	ID		1	0
467	8	Intern_KanriGroupOrgan	ID		1	0
468	9	Intern_KanriGroupOrgan	ID		1	0
469	10	Intern_KanriGroupOrgan	ID		1	0
470	11	Intern_KanriGroupOrgan	ID		1	0
471	12	Intern_KanriGroupOrgan	ID		1	0
472	13	Intern_KanriGroupOrgan	ID		1	0
473	1	Intern_KanriGroupOrgan	送出機関名		2	0
474	2	Intern_KanriGroupOrgan	送出機関名		2	0
475	3	Intern_KanriGroupOrgan	送出機関名		2	0
476	4	Intern_KanriGroupOrgan	送出機関名		2	0
477	5	Intern_KanriGroupOrgan	送出機関名		2	0
478	6	Intern_KanriGroupOrgan	送出機関名		2	0
479	7	Intern_KanriGroupOrgan	送出機関名		2	0
480	8	Intern_KanriGroupOrgan	送出機関名		2	0
481	9	Intern_KanriGroupOrgan	送出機関名		2	0
482	10	Intern_KanriGroupOrgan	送出機関名		2	0
483	11	Intern_KanriGroupOrgan	送出機関名		2	0
484	12	Intern_KanriGroupOrgan	送出機関名		2	0
485	13	Intern_KanriGroupOrgan	送出機関名		2	0
486	1	Intern_KanriGroupOrgan	代表者名		3	0
487	2	Intern_KanriGroupOrgan	代表者名		3	0
488	3	Intern_KanriGroupOrgan	代表者名		3	0
489	4	Intern_KanriGroupOrgan	代表者名		3	0
490	5	Intern_KanriGroupOrgan	代表者名		3	0
491	6	Intern_KanriGroupOrgan	代表者名		3	0
492	7	Intern_KanriGroupOrgan	代表者名		3	0
493	8	Intern_KanriGroupOrgan	代表者名		3	0
494	9	Intern_KanriGroupOrgan	代表者名		3	0
495	10	Intern_KanriGroupOrgan	代表者名		3	0
496	11	Intern_KanriGroupOrgan	代表者名		3	0
497	12	Intern_KanriGroupOrgan	代表者名		3	0
498	13	Intern_KanriGroupOrgan	代表者名		3	0
499	1	Intern_KanriGroupOrgan	電話番号		4	0
500	2	Intern_KanriGroupOrgan	電話番号		4	0
501	3	Intern_KanriGroupOrgan	電話番号		4	0
502	4	Intern_KanriGroupOrgan	電話番号		4	0
503	5	Intern_KanriGroupOrgan	電話番号		4	0
504	6	Intern_KanriGroupOrgan	電話番号		4	0
505	7	Intern_KanriGroupOrgan	電話番号		4	0
506	8	Intern_KanriGroupOrgan	電話番号		4	0
507	9	Intern_KanriGroupOrgan	電話番号		4	0
508	10	Intern_KanriGroupOrgan	電話番号		4	0
509	11	Intern_KanriGroupOrgan	電話番号		4	0
510	12	Intern_KanriGroupOrgan	電話番号		4	0
511	13	Intern_KanriGroupOrgan	電話番号		4	0
512	1	Intern_KanriGroupLecture	ID		1	0
513	2	Intern_KanriGroupLecture	ID		1	0
514	3	Intern_KanriGroupLecture	ID		1	0
515	4	Intern_KanriGroupLecture	ID		1	0
516	5	Intern_KanriGroupLecture	ID		1	0
517	6	Intern_KanriGroupLecture	ID		1	0
518	7	Intern_KanriGroupLecture	ID		1	0
519	8	Intern_KanriGroupLecture	ID		1	0
520	9	Intern_KanriGroupLecture	ID		1	0
521	10	Intern_KanriGroupLecture	ID		1	0
522	11	Intern_KanriGroupLecture	ID		1	0
523	12	Intern_KanriGroupLecture	ID		1	0
524	13	Intern_KanriGroupLecture	ID		1	0
525	1	Intern_KanriGroupLecture	講習施設名		2	0
526	2	Intern_KanriGroupLecture	講習施設名		2	0
527	3	Intern_KanriGroupLecture	講習施設名		2	0
528	4	Intern_KanriGroupLecture	講習施設名		2	0
529	5	Intern_KanriGroupLecture	講習施設名		2	0
530	6	Intern_KanriGroupLecture	講習施設名		2	0
531	7	Intern_KanriGroupLecture	講習施設名		2	0
532	8	Intern_KanriGroupLecture	講習施設名		2	0
533	9	Intern_KanriGroupLecture	講習施設名		2	0
534	10	Intern_KanriGroupLecture	講習施設名		2	0
535	11	Intern_KanriGroupLecture	講習施設名		2	0
536	12	Intern_KanriGroupLecture	講習施設名		2	0
537	13	Intern_KanriGroupLecture	講習施設名		2	0
538	1	Intern_KanriGroupLecture	電話番号		3	0
539	2	Intern_KanriGroupLecture	電話番号		3	0
540	3	Intern_KanriGroupLecture	電話番号		3	0
541	4	Intern_KanriGroupLecture	電話番号		3	0
542	5	Intern_KanriGroupLecture	電話番号		3	0
543	6	Intern_KanriGroupLecture	電話番号		3	0
544	7	Intern_KanriGroupLecture	電話番号		3	0
545	8	Intern_KanriGroupLecture	電話番号		3	0
546	9	Intern_KanriGroupLecture	電話番号		3	0
547	10	Intern_KanriGroupLecture	電話番号		3	0
548	11	Intern_KanriGroupLecture	電話番号		3	0
549	12	Intern_KanriGroupLecture	電話番号		3	0
550	13	Intern_KanriGroupLecture	電話番号		3	0
551	1	Intern_KanriGroupLecture	所在地		4	0
552	2	Intern_KanriGroupLecture	所在地		4	0
553	3	Intern_KanriGroupLecture	所在地		4	0
554	4	Intern_KanriGroupLecture	所在地		4	0
555	5	Intern_KanriGroupLecture	所在地		4	0
556	6	Intern_KanriGroupLecture	所在地		4	0
557	7	Intern_KanriGroupLecture	所在地		4	0
558	8	Intern_KanriGroupLecture	所在地		4	0
559	9	Intern_KanriGroupLecture	所在地		4	0
560	10	Intern_KanriGroupLecture	所在地		4	0
561	11	Intern_KanriGroupLecture	所在地		4	0
562	12	Intern_KanriGroupLecture	所在地		4	0
563	13	Intern_KanriGroupLecture	所在地		4	0
564	1	Intern_KanriGroupLecture	①氏名		5	0
565	2	Intern_KanriGroupLecture	①氏名		5	0
566	3	Intern_KanriGroupLecture	①氏名		5	0
567	4	Intern_KanriGroupLecture	①氏名		5	0
568	5	Intern_KanriGroupLecture	①氏名		5	0
569	6	Intern_KanriGroupLecture	①氏名		5	0
570	7	Intern_KanriGroupLecture	①氏名		5	0
571	8	Intern_KanriGroupLecture	①氏名		5	0
572	9	Intern_KanriGroupLecture	①氏名		5	0
573	10	Intern_KanriGroupLecture	①氏名		5	0
574	11	Intern_KanriGroupLecture	①氏名		5	0
575	12	Intern_KanriGroupLecture	①氏名		5	0
576	13	Intern_KanriGroupLecture	①氏名		5	0
577	1	Intern_Company	ID		1	0
578	2	Intern_Company	ID		1	0
579	3	Intern_Company	ID		1	0
580	4	Intern_Company	ID		1	0
581	5	Intern_Company	ID		1	0
582	6	Intern_Company	ID		1	0
583	7	Intern_Company	ID		1	0
584	8	Intern_Company	ID		1	0
585	9	Intern_Company	ID		1	0
586	10	Intern_Company	ID		1	0
587	11	Intern_Company	ID		1	0
588	12	Intern_Company	ID		1	0
589	13	Intern_Company	ID		1	0
590	1	Intern_Company	実施者名		2	0
591	2	Intern_Company	実施者名		2	0
592	3	Intern_Company	実施者名		2	0
593	4	Intern_Company	実施者名		2	0
594	5	Intern_Company	実施者名		2	0
595	6	Intern_Company	実施者名		2	0
596	7	Intern_Company	実施者名		2	0
597	8	Intern_Company	実施者名		2	0
598	9	Intern_Company	実施者名		2	0
599	10	Intern_Company	実施者名		2	0
600	11	Intern_Company	実施者名		2	0
601	12	Intern_Company	実施者名		2	0
602	13	Intern_Company	実施者名		2	0
603	1	Intern_Company	住所		3	0
604	2	Intern_Company	住所		3	0
605	3	Intern_Company	住所		3	0
606	4	Intern_Company	住所		3	0
607	5	Intern_Company	住所		3	0
608	6	Intern_Company	住所		3	0
609	7	Intern_Company	住所		3	0
610	8	Intern_Company	住所		3	0
611	9	Intern_Company	住所		3	0
612	10	Intern_Company	住所		3	0
613	11	Intern_Company	住所		3	0
614	12	Intern_Company	住所		3	0
615	13	Intern_Company	住所		3	0
616	1	Intern_Company	電話番号		4	0
617	2	Intern_Company	電話番号		4	0
618	3	Intern_Company	電話番号		4	0
619	4	Intern_Company	電話番号		4	0
620	5	Intern_Company	電話番号		4	0
621	6	Intern_Company	電話番号		4	0
622	7	Intern_Company	電話番号		4	0
623	8	Intern_Company	電話番号		4	0
624	9	Intern_Company	電話番号		4	0
625	10	Intern_Company	電話番号		4	0
626	11	Intern_Company	電話番号		4	0
627	12	Intern_Company	電話番号		4	0
628	13	Intern_Company	電話番号		4	0
629	1	Intern_Company	識別コード（自由記載項目）		5	0
630	2	Intern_Company	識別コード（自由記載項目）		5	0
631	3	Intern_Company	識別コード（自由記載項目）		5	0
632	4	Intern_Company	識別コード（自由記載項目）		5	0
633	5	Intern_Company	識別コード（自由記載項目）		5	0
634	6	Intern_Company	識別コード（自由記載項目）		5	0
635	7	Intern_Company	識別コード（自由記載項目）		5	0
636	8	Intern_Company	識別コード（自由記載項目）		5	0
637	9	Intern_Company	識別コード（自由記載項目）		5	0
638	10	Intern_Company	識別コード（自由記載項目）		5	0
639	11	Intern_Company	識別コード（自由記載項目）		5	0
640	12	Intern_Company	識別コード（自由記載項目）		5	0
641	13	Intern_Company	識別コード（自由記載項目）		5	0
642	1	Intern_CompanyOffice	ID		1	0
643	2	Intern_CompanyOffice	ID		1	0
644	3	Intern_CompanyOffice	ID		1	0
645	4	Intern_CompanyOffice	ID		1	0
646	5	Intern_CompanyOffice	ID		1	0
647	6	Intern_CompanyOffice	ID		1	0
648	7	Intern_CompanyOffice	ID		1	0
649	8	Intern_CompanyOffice	ID		1	0
650	9	Intern_CompanyOffice	ID		1	0
651	10	Intern_CompanyOffice	ID		1	0
652	11	Intern_CompanyOffice	ID		1	0
653	12	Intern_CompanyOffice	ID		1	0
654	13	Intern_CompanyOffice	ID		1	0
655	1	Intern_CompanyOffice	事業所名		2	0
656	2	Intern_CompanyOffice	事業所名		2	0
657	3	Intern_CompanyOffice	事業所名		2	0
658	4	Intern_CompanyOffice	事業所名		2	0
659	5	Intern_CompanyOffice	事業所名		2	0
660	6	Intern_CompanyOffice	事業所名		2	0
661	7	Intern_CompanyOffice	事業所名		2	0
662	8	Intern_CompanyOffice	事業所名		2	0
663	9	Intern_CompanyOffice	事業所名		2	0
664	10	Intern_CompanyOffice	事業所名		2	0
665	11	Intern_CompanyOffice	事業所名		2	0
666	12	Intern_CompanyOffice	事業所名		2	0
667	13	Intern_CompanyOffice	事業所名		2	0
668	1	Intern_CompanyOffice	電話番号		3	0
669	2	Intern_CompanyOffice	電話番号		3	0
670	3	Intern_CompanyOffice	電話番号		3	0
671	4	Intern_CompanyOffice	電話番号		3	0
672	5	Intern_CompanyOffice	電話番号		3	0
673	6	Intern_CompanyOffice	電話番号		3	0
674	7	Intern_CompanyOffice	電話番号		3	0
675	8	Intern_CompanyOffice	電話番号		3	0
676	9	Intern_CompanyOffice	電話番号		3	0
677	10	Intern_CompanyOffice	電話番号		3	0
678	11	Intern_CompanyOffice	電話番号		3	0
679	12	Intern_CompanyOffice	電話番号		3	0
680	13	Intern_CompanyOffice	電話番号		3	0
681	1	Intern_CompanyOffice	所在地		4	0
682	2	Intern_CompanyOffice	所在地		4	0
683	3	Intern_CompanyOffice	所在地		4	0
684	4	Intern_CompanyOffice	所在地		4	0
685	5	Intern_CompanyOffice	所在地		4	0
686	6	Intern_CompanyOffice	所在地		4	0
687	7	Intern_CompanyOffice	所在地		4	0
688	8	Intern_CompanyOffice	所在地		4	0
689	9	Intern_CompanyOffice	所在地		4	0
690	10	Intern_CompanyOffice	所在地		4	0
691	11	Intern_CompanyOffice	所在地		4	0
692	12	Intern_CompanyOffice	所在地		4	0
693	13	Intern_CompanyOffice	所在地		4	0
694	1	Intern_CompanyOffice	所属実施者名		5	0
695	2	Intern_CompanyOffice	所属実施者名		5	0
696	3	Intern_CompanyOffice	所属実施者名		5	0
697	4	Intern_CompanyOffice	所属実施者名		5	0
698	5	Intern_CompanyOffice	所属実施者名		5	0
699	6	Intern_CompanyOffice	所属実施者名		5	0
700	7	Intern_CompanyOffice	所属実施者名		5	0
701	8	Intern_CompanyOffice	所属実施者名		5	0
702	9	Intern_CompanyOffice	所属実施者名		5	0
703	10	Intern_CompanyOffice	所属実施者名		5	0
704	11	Intern_CompanyOffice	所属実施者名		5	0
705	12	Intern_CompanyOffice	所属実施者名		5	0
706	13	Intern_CompanyOffice	所属実施者名		5	0
707	1	Intern_CompanyHotel	ID		1	0
708	2	Intern_CompanyHotel	ID		1	0
709	3	Intern_CompanyHotel	ID		1	0
710	4	Intern_CompanyHotel	ID		1	0
711	5	Intern_CompanyHotel	ID		1	0
712	6	Intern_CompanyHotel	ID		1	0
713	7	Intern_CompanyHotel	ID		1	0
714	8	Intern_CompanyHotel	ID		1	0
715	9	Intern_CompanyHotel	ID		1	0
716	10	Intern_CompanyHotel	ID		1	0
717	11	Intern_CompanyHotel	ID		1	0
718	12	Intern_CompanyHotel	ID		1	0
719	13	Intern_CompanyHotel	ID		1	0
720	1	Intern_CompanyHotel	宿泊施設名		2	0
721	2	Intern_CompanyHotel	宿泊施設名		2	0
722	3	Intern_CompanyHotel	宿泊施設名		2	0
723	4	Intern_CompanyHotel	宿泊施設名		2	0
724	5	Intern_CompanyHotel	宿泊施設名		2	0
725	6	Intern_CompanyHotel	宿泊施設名		2	0
726	7	Intern_CompanyHotel	宿泊施設名		2	0
727	8	Intern_CompanyHotel	宿泊施設名		2	0
728	9	Intern_CompanyHotel	宿泊施設名		2	0
729	10	Intern_CompanyHotel	宿泊施設名		2	0
730	11	Intern_CompanyHotel	宿泊施設名		2	0
731	12	Intern_CompanyHotel	宿泊施設名		2	0
732	13	Intern_CompanyHotel	宿泊施設名		2	0
733	1	Intern_CompanyHotel	提供者区分		3	0
734	2	Intern_CompanyHotel	提供者区分		3	0
735	3	Intern_CompanyHotel	提供者区分		3	0
736	4	Intern_CompanyHotel	提供者区分		3	0
737	5	Intern_CompanyHotel	提供者区分		3	0
738	6	Intern_CompanyHotel	提供者区分		3	0
739	7	Intern_CompanyHotel	提供者区分		3	0
740	8	Intern_CompanyHotel	提供者区分		3	0
741	9	Intern_CompanyHotel	提供者区分		3	0
742	10	Intern_CompanyHotel	提供者区分		3	0
743	11	Intern_CompanyHotel	提供者区分		3	0
744	12	Intern_CompanyHotel	提供者区分		3	0
745	13	Intern_CompanyHotel	提供者区分		3	0
746	1	Intern_CompanyHotel	提供する実施者名		4	0
747	2	Intern_CompanyHotel	提供する実施者名		4	0
748	3	Intern_CompanyHotel	提供する実施者名		4	0
749	4	Intern_CompanyHotel	提供する実施者名		4	0
750	5	Intern_CompanyHotel	提供する実施者名		4	0
751	6	Intern_CompanyHotel	提供する実施者名		4	0
752	7	Intern_CompanyHotel	提供する実施者名		4	0
753	8	Intern_CompanyHotel	提供する実施者名		4	0
754	9	Intern_CompanyHotel	提供する実施者名		4	0
755	10	Intern_CompanyHotel	提供する実施者名		4	0
756	11	Intern_CompanyHotel	提供する実施者名		4	0
757	12	Intern_CompanyHotel	提供する実施者名		4	0
758	13	Intern_CompanyHotel	提供する実施者名		4	0
759	1	Intern_CompanyHotel	住所		5	0
760	2	Intern_CompanyHotel	住所		5	0
761	3	Intern_CompanyHotel	住所		5	0
762	4	Intern_CompanyHotel	住所		5	0
763	5	Intern_CompanyHotel	住所		5	0
764	6	Intern_CompanyHotel	住所		5	0
765	7	Intern_CompanyHotel	住所		5	0
766	8	Intern_CompanyHotel	住所		5	0
767	9	Intern_CompanyHotel	住所		5	0
768	10	Intern_CompanyHotel	住所		5	0
769	11	Intern_CompanyHotel	住所		5	0
770	12	Intern_CompanyHotel	住所		5	0
771	13	Intern_CompanyHotel	住所		5	0
772	1	Intern_CompanyStaff	ID		1	0
773	2	Intern_CompanyStaff	ID		1	0
774	3	Intern_CompanyStaff	ID		1	0
775	4	Intern_CompanyStaff	ID		1	0
776	5	Intern_CompanyStaff	ID		1	0
777	6	Intern_CompanyStaff	ID		1	0
778	7	Intern_CompanyStaff	ID		1	0
779	8	Intern_CompanyStaff	ID		1	0
780	9	Intern_CompanyStaff	ID		1	0
781	10	Intern_CompanyStaff	ID		1	0
782	11	Intern_CompanyStaff	ID		1	0
783	12	Intern_CompanyStaff	ID		1	0
784	13	Intern_CompanyStaff	ID		1	0
785	1	Intern_CompanyStaff	名前		2	0
786	2	Intern_CompanyStaff	名前		2	0
787	3	Intern_CompanyStaff	名前		2	0
788	4	Intern_CompanyStaff	名前		2	0
789	5	Intern_CompanyStaff	名前		2	0
790	6	Intern_CompanyStaff	名前		2	0
791	7	Intern_CompanyStaff	名前		2	0
792	8	Intern_CompanyStaff	名前		2	0
793	9	Intern_CompanyStaff	名前		2	0
794	10	Intern_CompanyStaff	名前		2	0
795	11	Intern_CompanyStaff	名前		2	0
796	12	Intern_CompanyStaff	名前		2	0
797	13	Intern_CompanyStaff	名前		2	0
798	1	Intern_CompanyStaff	役職		3	0
799	2	Intern_CompanyStaff	役職		3	0
800	3	Intern_CompanyStaff	役職		3	0
801	4	Intern_CompanyStaff	役職		3	0
802	5	Intern_CompanyStaff	役職		3	0
803	6	Intern_CompanyStaff	役職		3	0
804	7	Intern_CompanyStaff	役職		3	0
805	8	Intern_CompanyStaff	役職		3	0
806	9	Intern_CompanyStaff	役職		3	0
807	10	Intern_CompanyStaff	役職		3	0
808	11	Intern_CompanyStaff	役職		3	0
809	12	Intern_CompanyStaff	役職		3	0
810	13	Intern_CompanyStaff	役職		3	0
811	1	Intern_CompanyStaff	代表取締役		4	0
812	2	Intern_CompanyStaff	代表取締役		4	0
813	3	Intern_CompanyStaff	代表取締役		4	0
814	4	Intern_CompanyStaff	代表取締役		4	0
815	5	Intern_CompanyStaff	代表取締役		4	0
816	6	Intern_CompanyStaff	代表取締役		4	0
817	7	Intern_CompanyStaff	代表取締役		4	0
818	8	Intern_CompanyStaff	代表取締役		4	0
819	9	Intern_CompanyStaff	代表取締役		4	0
820	10	Intern_CompanyStaff	代表取締役		4	0
821	11	Intern_CompanyStaff	代表取締役		4	0
822	12	Intern_CompanyStaff	代表取締役		4	0
823	13	Intern_CompanyStaff	代表取締役		4	0
824	1	Intern_CompanyStaff	役員		5	0
825	2	Intern_CompanyStaff	役員		5	0
826	3	Intern_CompanyStaff	役員		5	0
827	4	Intern_CompanyStaff	役員		5	0
828	5	Intern_CompanyStaff	役員		5	0
829	6	Intern_CompanyStaff	役員		5	0
830	7	Intern_CompanyStaff	役員		5	0
831	8	Intern_CompanyStaff	役員		5	0
832	9	Intern_CompanyStaff	役員		5	0
833	10	Intern_CompanyStaff	役員		5	0
834	11	Intern_CompanyStaff	役員		5	0
835	12	Intern_CompanyStaff	役員		5	0
836	13	Intern_CompanyStaff	役員		5	0
837	1	Intern_CompanyStaff	実習責任者		6	0
838	2	Intern_CompanyStaff	実習責任者		6	0
839	3	Intern_CompanyStaff	実習責任者		6	0
840	4	Intern_CompanyStaff	実習責任者		6	0
841	5	Intern_CompanyStaff	実習責任者		6	0
842	6	Intern_CompanyStaff	実習責任者		6	0
843	7	Intern_CompanyStaff	実習責任者		6	0
844	8	Intern_CompanyStaff	実習責任者		6	0
845	9	Intern_CompanyStaff	実習責任者		6	0
846	10	Intern_CompanyStaff	実習責任者		6	0
847	11	Intern_CompanyStaff	実習責任者		6	0
848	12	Intern_CompanyStaff	実習責任者		6	0
849	13	Intern_CompanyStaff	実習責任者		6	0
850	1	Intern_CompanyStaff	実習指導員		7	0
851	2	Intern_CompanyStaff	実習指導員		7	0
852	3	Intern_CompanyStaff	実習指導員		7	0
853	4	Intern_CompanyStaff	実習指導員		7	0
854	5	Intern_CompanyStaff	実習指導員		7	0
855	6	Intern_CompanyStaff	実習指導員		7	0
856	7	Intern_CompanyStaff	実習指導員		7	0
857	8	Intern_CompanyStaff	実習指導員		7	0
858	9	Intern_CompanyStaff	実習指導員		7	0
859	10	Intern_CompanyStaff	実習指導員		7	0
860	11	Intern_CompanyStaff	実習指導員		7	0
861	12	Intern_CompanyStaff	実習指導員		7	0
862	13	Intern_CompanyStaff	実習指導員		7	0
863	1	Intern_CompanyStaff	生活指導員		8	0
864	2	Intern_CompanyStaff	生活指導員		8	0
865	3	Intern_CompanyStaff	生活指導員		8	0
866	4	Intern_CompanyStaff	生活指導員		8	0
867	5	Intern_CompanyStaff	生活指導員		8	0
868	6	Intern_CompanyStaff	生活指導員		8	0
869	7	Intern_CompanyStaff	生活指導員		8	0
870	8	Intern_CompanyStaff	生活指導員		8	0
871	9	Intern_CompanyStaff	生活指導員		8	0
872	10	Intern_CompanyStaff	生活指導員		8	0
873	11	Intern_CompanyStaff	生活指導員		8	0
874	12	Intern_CompanyStaff	生活指導員		8	0
875	13	Intern_CompanyStaff	生活指導員		8	0
876	1	Intern_CompanyStaff	調整担当者		9	0
877	2	Intern_CompanyStaff	調整担当者		9	0
878	3	Intern_CompanyStaff	調整担当者		9	0
879	4	Intern_CompanyStaff	調整担当者		9	0
880	5	Intern_CompanyStaff	調整担当者		9	0
881	6	Intern_CompanyStaff	調整担当者		9	0
882	7	Intern_CompanyStaff	調整担当者		9	0
883	8	Intern_CompanyStaff	調整担当者		9	0
884	9	Intern_CompanyStaff	調整担当者		9	0
885	10	Intern_CompanyStaff	調整担当者		9	0
886	11	Intern_CompanyStaff	調整担当者		9	0
887	12	Intern_CompanyStaff	調整担当者		9	0
888	13	Intern_CompanyStaff	調整担当者		9	0
889	1	Intern_CompanyStaff	連絡担当		10	0
890	2	Intern_CompanyStaff	連絡担当		10	0
891	3	Intern_CompanyStaff	連絡担当		10	0
892	4	Intern_CompanyStaff	連絡担当		10	0
893	5	Intern_CompanyStaff	連絡担当		10	0
894	6	Intern_CompanyStaff	連絡担当		10	0
895	7	Intern_CompanyStaff	連絡担当		10	0
896	8	Intern_CompanyStaff	連絡担当		10	0
897	9	Intern_CompanyStaff	連絡担当		10	0
898	10	Intern_CompanyStaff	連絡担当		10	0
899	11	Intern_CompanyStaff	連絡担当		10	0
900	12	Intern_CompanyStaff	連絡担当		10	0
901	13	Intern_CompanyStaff	連絡担当		10	0
902	1	Intern_CompanyStaff	所属実施者名		11	0
903	2	Intern_CompanyStaff	所属実施者名		11	0
904	3	Intern_CompanyStaff	所属実施者名		11	0
905	4	Intern_CompanyStaff	所属実施者名		11	0
906	5	Intern_CompanyStaff	所属実施者名		11	0
907	6	Intern_CompanyStaff	所属実施者名		11	0
908	7	Intern_CompanyStaff	所属実施者名		11	0
909	8	Intern_CompanyStaff	所属実施者名		11	0
910	9	Intern_CompanyStaff	所属実施者名		11	0
911	10	Intern_CompanyStaff	所属実施者名		11	0
912	11	Intern_CompanyStaff	所属実施者名		11	0
913	12	Intern_CompanyStaff	所属実施者名		11	0
914	13	Intern_CompanyStaff	所属実施者名		11	0
915	1	Intern_KanriGroupOffice	ID		1	0
916	2	Intern_KanriGroupOffice	ID		1	0
917	1	Intern_KanriGroupOffice	帳票		2	0
918	2	Intern_KanriGroupOffice	帳票		2	0
919	1	Intern_KanriGroupOffice	事業所名		3	0
920	2	Intern_KanriGroupOffice	事業所名		3	0
921	1	Intern_KanriGroupOffice	所在地		4	0
922	2	Intern_KanriGroupOffice	所在地		4	0
923	1	Intern_KanriGroupOffice	許可年月日		5	0
924	2	Intern_KanriGroupOffice	許可年月日		5	0
925	1	Intern_KanriGroupStaff	ID		1	0
926	2	Intern_KanriGroupStaff	ID		1	0
927	1	Intern_KanriGroupStaff	社員名		2	0
928	2	Intern_KanriGroupStaff	社員名		2	0
929	1	Intern_KanriGroupStaff	役職		3	0
930	2	Intern_KanriGroupStaff	役職		3	0
931	1	Intern_KanriGroupStaff	代表理事		4	0
932	2	Intern_KanriGroupStaff	代表理事		4	0
933	1	Intern_KanriGroupStaff	責任者役員		5	0
934	2	Intern_KanriGroupStaff	責任者役員		5	0
935	1	Intern_KanriGroupStaff	役員		6	0
936	2	Intern_KanriGroupStaff	役員		6	0
937	1	Intern_KanriGroupStaff	監理責任者		7	0
938	2	Intern_KanriGroupStaff	監理責任者		7	0
939	1	Intern_KanriGroupStaff	計画作成指導担当		8	0
940	2	Intern_KanriGroupStaff	計画作成指導担当		8	0
941	1	Intern_KanriGroupStaff	調整担当者		9	0
942	2	Intern_KanriGroupStaff	調整担当者		9	0
943	1	Intern_KanriGroupStaff	説明担当者		10	0
944	2	Intern_KanriGroupStaff	説明担当者		10	0
945	1	Intern_KanriGroupOrgan	ID		1	0
946	2	Intern_KanriGroupOrgan	ID		1	0
947	1	Intern_KanriGroupOrgan	送出機関名		2	0
948	2	Intern_KanriGroupOrgan	送出機関名		2	0
949	1	Intern_KanriGroupOrgan	代表者名		3	0
950	2	Intern_KanriGroupOrgan	代表者名		3	0
951	1	Intern_KanriGroupOrgan	電話番号		4	0
952	2	Intern_KanriGroupOrgan	電話番号		4	0
953	1	Intern_KanriGroupLecture	ID		1	0
954	2	Intern_KanriGroupLecture	ID		1	0
955	1	Intern_KanriGroupLecture	講習施設名		2	0
956	2	Intern_KanriGroupLecture	講習施設名		2	0
957	1	Intern_KanriGroupLecture	電話番号		3	0
958	2	Intern_KanriGroupLecture	電話番号		3	0
959	1	Intern_KanriGroupLecture	所在地		4	0
960	2	Intern_KanriGroupLecture	所在地		4	0
961	1	Intern_KanriGroupLecture	①氏名		5	0
962	2	Intern_KanriGroupLecture	①氏名		5	0
963	1	Intern_Company	ID		1	0
964	2	Intern_Company	ID		1	0
965	1	Intern_Company	実施者名		2	0
966	2	Intern_Company	実施者名		2	0
967	1	Intern_Company	住所		3	0
968	2	Intern_Company	住所		3	0
969	1	Intern_Company	電話番号		4	0
970	2	Intern_Company	電話番号		4	0
971	1	Intern_Company	識別コード（自由記載項目）		5	0
972	2	Intern_Company	識別コード（自由記載項目）		5	0
973	1	Intern_CompanyOffice	ID		1	0
974	2	Intern_CompanyOffice	ID		1	0
975	1	Intern_CompanyOffice	事業所名		2	0
976	2	Intern_CompanyOffice	事業所名		2	0
977	1	Intern_CompanyOffice	電話番号		3	0
978	2	Intern_CompanyOffice	電話番号		3	0
979	1	Intern_CompanyOffice	所在地		4	0
980	2	Intern_CompanyOffice	所在地		4	0
981	1	Intern_CompanyOffice	所属実施者名		5	0
982	2	Intern_CompanyOffice	所属実施者名		5	0
983	1	Intern_CompanyHotel	ID		1	0
984	2	Intern_CompanyHotel	ID		1	0
985	1	Intern_CompanyHotel	宿泊施設名		2	0
986	2	Intern_CompanyHotel	宿泊施設名		2	0
987	1	Intern_CompanyHotel	提供者区分		3	0
988	2	Intern_CompanyHotel	提供者区分		3	0
989	1	Intern_CompanyHotel	提供する実施者名		4	0
990	2	Intern_CompanyHotel	提供する実施者名		4	0
991	1	Intern_CompanyHotel	住所		5	0
992	2	Intern_CompanyHotel	住所		5	0
993	1	Intern_CompanyStaff	ID		1	0
994	2	Intern_CompanyStaff	ID		1	0
995	1	Intern_CompanyStaff	名前		2	0
996	2	Intern_CompanyStaff	名前		2	0
997	1	Intern_CompanyStaff	役職		3	0
998	2	Intern_CompanyStaff	役職		3	0
999	1	Intern_CompanyStaff	代表取締役		4	0
1000	2	Intern_CompanyStaff	代表取締役		4	0
1001	1	Intern_CompanyStaff	役員		5	0
1002	2	Intern_CompanyStaff	役員		5	0
1003	1	Intern_CompanyStaff	実習責任者		6	0
1004	2	Intern_CompanyStaff	実習責任者		6	0
1005	1	Intern_CompanyStaff	実習指導員		7	0
1006	2	Intern_CompanyStaff	実習指導員		7	0
1007	1	Intern_CompanyStaff	生活指導員		8	0
1008	2	Intern_CompanyStaff	生活指導員		8	0
1009	1	Intern_CompanyStaff	調整担当者		9	0
1010	2	Intern_CompanyStaff	調整担当者		9	0
1011	1	Intern_CompanyStaff	連絡担当		10	0
1012	2	Intern_CompanyStaff	連絡担当		10	0
1013	1	Intern_CompanyStaff	所属実施者名		11	0
1014	2	Intern_CompanyStaff	所属実施者名		11	0
1015		Intern_InternTest	作成日		1	0
1016		Intern_InternTest	申請の種別		2	0
1017		Intern_InternTest	職種		3	0
1018		Intern_InternTest	受験希望科目		4	0
1019		Intern_InternTest	試験の種類		5	0
1020		Intern_InternTest	状況		6	0
1021		Intern_InternTest	受験予定地		7	0
1022		Intern_InternTest	受験予定機関		8	0
1023		Intern_InternTest	受験希望日（自）		9	0
1024		Intern_InternTest	受験希望日（至）		10	0
1025		Intern_InternTest	受験日①		11	0
1026		Intern_InternTest	受験日②		12	0
1027		Intern_InternTest	受験級		13	0
1028		Intern_InternTest	次号計画認定申請提出予定地方事務所		14	0
1029		Intern_InternTest	調整担当者所属		15	0
1030		Intern_InternTest	実習生区分		16	0
1031		Intern_KanriGroupStaff	監査担当職員		15	0
1032		Worker_Accept	ID	規定	1	50
1033		Worker_Accept	登録支援機関の本部	規定	2	150
1034		Worker_Accept	支援する事業所	規定	3	150
1035		Worker_Accept	氏名又は名称	規定	4	150
1036		Worker_Accept	氏名又は名称（かな）	規定	5	150
1037		Worker_Accept	郵便番号	規定	6	150
1038		Worker_Accept	住所	規定	7	150
1039		Worker_Accept	電話番号	規定	8	150
1040		Worker_Accept	FAX番号	基本１	9	150
1041		Worker_Accept	メールアドレス	基本１	10	150
1042		Worker_Accept	法人番号（13桁）	基本１	11	150
1043		Worker_Accept	労働保険番号	基本１	12	150
1044		Worker_Accept	職員数(常勤数)	基本１	13	150
1045		Worker_Accept	職員数(非常勤数)	基本１	14	150
1046		Worker_Accept	職員数(合計)	基本１	15	150
1047		Worker_Accept	従業員数(1号と同一業務に従事する日本人)	基本１	16	150
1048		Worker_Accept	従業員数(1号と同一業務に従事する外国人)	基本１	17	150
1049		Worker_Accept	従業員数(2号と同一業務に従事する日本人)	基本１	18	150
1050		Worker_Accept	従業員数(2号と同一業務に従事する外国人)	基本１	19	150
1051		Worker_Accept	従業員数(その他)	基本１	20	150
1052		Worker_Accept	決算年度	基本１	21	150
1053		Worker_Accept	資本金	基本１	22	150
1054		Worker_Accept	直近年度売上	基本１	23	150
1055		Worker_Accept	前年度経営損益	基本１	24	150
1056		Worker_Accept	前年度当期純損益	基本１	25	150
1057		Worker_Accept	特定産業分野１	基本１	26	150
1058		Worker_Accept	特定産業分野２	基本１	27	150
1059		Worker_Accept	特定産業分野３	基本１	28	150
1060		Worker_Accept	社会保険の適用情報	基本１	29	150
1061		Worker_Accept	労働保険の適用情報	基本１	30	150
1062		Worker_Accept	メモ	基本２	31	150
1063		Worker_Accept	主たる業種	基本２	32	150
1064		Worker_Accept	その他業種	基本２	33	150
1065		Worker_Accept	【製造業-その他】を選択した場合の詳細	基本２	34	150
1066		Worker_Accept	【卸売業-その他】を選択した場合の詳細	基本２	35	150
1067		Worker_Accept	【小売業-その他】を選択した場合の詳細	基本２	36	150
1068		Worker_Accept	【その他サービス業】を選択した場合の詳細	基本２	37	150
1069		Worker_Accept	【分類不能の産業】を選択した場合の詳細	基本２	38	150
1070		Worker_Accept	分野	基本２	39	150
1071		Worker_Accept	業務区分	基本２	40	150
1072		Worker_Accept	許可を受けている建設業	建設関連	41	150
1073		Worker_Accept	許可番号	建設関連	42	150
1074		Worker_Accept	許可番号(号数)	建設関連	43	150
1075		Worker_Accept	許可年月日	建設関連	44	150
1076		Worker_Accept	建設キャリアアップシステム申請番号	建設関連	45	150
1077		Worker_Accept	建設キャリアアップ事業所番号	建設関連	46	150
1078		Worker_Accept	受入実施法人又は当該法人を構成する建設業者団体の会員番号	建設関連	47	150
1079		Worker_AcceptOffice	ID	規定	1	50
1080		Worker_AcceptOffice	特定技能所属機関名	規定	2	150
1081		Worker_AcceptOffice	事業所の名称	規定	3	150
1082		Worker_AcceptOffice	氏名又は名称（かな）	規定	4	150
1083		Worker_AcceptOffice	郵便番号	規定	5	150
1084		Worker_AcceptOffice	住所	規定	6	150
1085		Worker_AcceptOffice	電話番号	規定	7	150
1086		Worker_AcceptOffice	FAX番号	基本	8	150
1087		Worker_AcceptOffice	労働保険番号	基本	9	150
1088		Worker_AcceptOffice	職員数(常勤数)	基本	10	150
1089		Worker_AcceptOffice	支援業務に従事する職員数(常勤数)	基本	11	150
1090		Worker_AcceptOffice	職員数(非常勤数)	基本	12	150
1091		Worker_AcceptOffice	支援業務に従事する職員数(非常勤数)	基本	13	150
1092		Worker_AcceptOffice	メモ	基本	14	150
1093		Worker_AcceptOffice	施設・事業の類型	介護関連	101	150
1094		Worker_AcceptOffice	指定等を受けた行政庁	介護関連	102	150
1095		Worker_AcceptOffice	介護職員数(日本人)	介護関連	103	150
1096		Worker_AcceptOffice	介護職員数(介護福祉士)	介護関連	104	150
1097		Worker_AcceptOffice	介護職員数(在留資格「介護」)	介護関連	105	150
1098		Worker_AcceptOffice	介護職員数(在留資格「身分」)	介護関連	106	150
1099		Worker_AcceptOffice	介護職員数(合計)	介護関連	107	150
1100		Worker_AcceptStaff	ID	規定	1	50
1101		Worker_AcceptStaff	特定技能所属機関名	規定	2	150
1102		Worker_AcceptStaff	所属する事業所（勤務先）	規定	3	150
1103		Worker_AcceptStaff	氏名	規定	4	150
1104		Worker_AcceptStaff	氏名（かな）	基本	5	150
1105		Worker_AcceptStaff	性別	基本	6	150
1106		Worker_AcceptStaff	生年月日	基本	7	150
1107		Worker_AcceptStaff	国籍・地域	基本	8	150
1108		Worker_AcceptStaff	郵便番号	基本	9	150
1109		Worker_AcceptStaff	住所	基本	10	150
1110		Worker_AcceptStaff	電話番号	基本	11	150
1111		Worker_AcceptStaff	役職名	規定	12	150
1112		Worker_AcceptStaff	資格・免許	基本	13	150
1113		Worker_AcceptStaff	住民票提出	基本	14	150
1114		Worker_AcceptStaff	代表取締役（個人事業主）	基本	15	150
1115		Worker_AcceptStaff	役員	規定	16	50
1116		Worker_AcceptStaff	書類作成責任者	規定	17	50
1117		Worker_AcceptStaff	説明担当者	規定	18	50
1118		Worker_AcceptStaff	建設特定技能に関する責任者	規定	19	50
1119		Worker_AcceptStaff	メモ	基本	20	150
1120		Worker_AcceptWorkingMaster	ID	規定	1	50
1121		Worker_AcceptWorkingMaster	テンプレート名	規定	2	150
1122		Worker_AcceptWorkingMaster	所属する特定技能所属機関	規定	3	150
1123		Worker_AcceptWorkingMaster	雇用形態	規定	4	150
1124		Worker_AcceptWorkingMaster	雇い入れ直後の事業所	共通内容１	5	150
1125		Worker_AcceptWorkingMaster	雇用契約期間	規定	6	150
1126		Worker_AcceptWorkingMaster	契約の更新	規定	7	150
1127		Worker_AcceptWorkingMaster	法廷超月６０時間以内	共通内容１	8	150
1128		Worker_AcceptWorkingMaster	法廷超月６０時間超	共通内容１	9	150
1129		Worker_AcceptWorkingMaster	所定超	共通内容１	10	150
1130		Worker_AcceptWorkingMaster	法定休日労働	共通内容１	11	150
1131		Worker_AcceptWorkingMaster	法定外休日労働	共通内容１	12	150
1132		Worker_AcceptWorkingMaster	深夜労働	共通内容１	13	150
1133		Worker_AcceptWorkingMaster	賃金計算の締日１	共通内容１	14	150
1134		Worker_AcceptWorkingMaster	賃金計算の締日２	共通内容１	15	150
1135		Worker_AcceptWorkingMaster	賃金の支払日１	共通内容１	16	150
1136		Worker_AcceptWorkingMaster	賃金の支払日２	共通内容１	17	150
1137		Worker_AcceptWorkingMaster	賃金支払い方法	共通内容１	18	150
1138		Worker_AcceptWorkingMaster	メモ	共通内容１	19	150
1139		Worker_AcceptWorkingMaster	雇入れ時の健康診断	共通内容２	20	150
1140		Worker_AcceptWorkingMaster	初回の定期健康診断	共通内容２	21	150
1141		Worker_AcceptWorkingMaster	その後の健康診断	共通内容２	22	150
1142		Worker_AcceptWorkingMaster	賃金支払い時の控除	共通内容２	23	150
1143		Worker_AcceptWorkingMaster	厚生年金	共通内容２	24	150
1144		Worker_AcceptWorkingMaster	国民年金	共通内容２	25	150
1145		Worker_AcceptWorkingMaster	健康保険	共通内容２	26	150
1146		Worker_AcceptWorkingMaster	国民健康保険	共通内容２	27	150
1147		Worker_AcceptWorkingMaster	その他社会保険	共通内容２	28	150
1148		Worker_AcceptWorkingMaster	社会保険控除総額	共通内容２	29	150
1149		Worker_AcceptWorkingMaster	雇用保険	共通内容２	30	150
1150		Worker_AcceptWorkingMaster	労災保険	共通内容２	31	150
1151		Worker_AcceptWorkingMaster	労働保険控除総額	共通内容２	32	150
1152		Worker_AcceptWorkingMaster	所得税	共通内容２	33	150
1153		Worker_AcceptWorkingMaster	住民税	共通内容２	34	150
1154		Worker_AcceptWorkingMaster	税金関連控除総額	共通内容２	35	150
1155		Worker_AcceptWorkingMaster	食事、食材等の提供	共通内容２	36	150
1156		Worker_AcceptWorkingMaster	１か月当たりの食費徴収額	共通内容２	37	150
1157		Worker_AcceptWorkingMaster	提供する食事の具体的な内容	共通内容２	38	150
1158		Worker_AcceptWorkingMaster	食費が適正な額であることの説明	共通内容２	39	150
1159		Worker_AcceptWorkingMaster	１か月当たりの居住費徴収額	共通内容２	40	150
1160		Worker_AcceptWorkingMaster	提供する宿泊施設の具体的な内容	共通内容２	41	150
1161		Worker_AcceptWorkingMaster	居住費が適正な額であることの説明	共通内容２	42	150
1162		Worker_AcceptWorkingMaster	水道光熱費の徴収	共通内容２	43	150
1163		Worker_AcceptWorkingMaster	１か月当たりの水道光熱費	共通内容２	44	150
1164		Worker_AcceptWorkingMaster	水道光熱費についての詳細	共通内容２	45	150
1165		Worker_AcceptWorkingMaster	その他負担する費用	共通内容２	46	150
1166		Worker_AcceptWorkingMaster	定期で負担する費用名１	共通内容２	47	150
1167		Worker_AcceptWorkingMaster	定期で負担する金額１	共通内容２	48	150
1168		Worker_AcceptWorkingMaster	定期で負担する費用名２	共通内容２	49	150
1169		Worker_AcceptWorkingMaster	定期で負担する金額２	共通内容２	50	150
1170		Worker_AcceptWorkingMaster	定期で負担する費用名３	共通内容２	51	150
1171		Worker_AcceptWorkingMaster	定期で負担する金額３	共通内容２	52	150
1172		Worker_AcceptWorkingMaster	定期で負担する費用名４	共通内容２	53	150
1173		Worker_AcceptWorkingMaster	定期で負担する金額４	共通内容２	54	150
1174		Worker_AcceptWorkingMaster	定期で負担する費用名５	共通内容２	55	150
1175		Worker_AcceptWorkingMaster	定期で負担する金額５	共通内容２	56	150
1176		Worker_AcceptWorkingMaster	定期で負担する費用による便益の具体的な内容	共通内容２	57	150
1177		Worker_AcceptWorkingMaster	その他費用が適正な額であることの説明	共通内容２	58	150
1178		Worker_AcceptWorkingMaster	主たる勤務時間	労働時間等(基本情報)	59	150
1179		Worker_AcceptWorkingMaster	休憩時間１	労働時間等(基本情報)	60	150
1180		Worker_AcceptWorkingMaster	休憩時間２	労働時間等(基本情報)	61	150
1181		Worker_AcceptWorkingMaster	休憩時間３	労働時間等(基本情報)	62	150
1182		Worker_AcceptWorkingMaster	休憩時間合計	労働時間等(基本情報)	63	150
1183		Worker_AcceptWorkingMaster	１日の所定労働時間数	労働時間等(基本情報)	64	150
1184		Worker_AcceptWorkingMaster	所定の労働時間数(週間)	労働時間等(基本情報)	65	150
1185		Worker_AcceptWorkingMaster	所定の勤務日数(週間)	労働時間等(基本情報)	66	150
1186		Worker_AcceptWorkingMaster	所定の労働時間数(月間)	労働時間等(基本情報)	67	150
1187		Worker_AcceptWorkingMaster	所定の勤務日数(月間)	労働時間等(基本情報)	68	150
1188		Worker_AcceptWorkingMaster	所定の労働時間数(年間)	労働時間等(基本情報)	69	150
1189		Worker_AcceptWorkingMaster	所定の勤務日数(年間)	労働時間等(基本情報)	70	150
1190		Worker_AcceptWorkingMaster	所定時間外労働の有無	労働時間等(基本情報)	71	150
1191		Worker_AcceptWorkingMaster	労働時間に関する就業規則条項１	労働時間等(基本情報)	72	150
1192		Worker_AcceptWorkingMaster	労働時間に関する就業規則条項２	労働時間等(基本情報)	73	150
1193		Worker_AcceptWorkingMaster	労働時間に関する就業規則条項３	労働時間等(基本情報)	74	150
1194		Worker_AcceptWorkingMaster	変形労働時間制	労働時間等(基本情報)	75	150
1195		Worker_AcceptWorkingMaster	変形労働時間制の単位	労働時間等(基本情報)	76	150
1196		Worker_AcceptWorkingMaster	交代勤務制	労働時間等(基本情報)	77	150
1197		Worker_AcceptWorkingMaster	労働時間等の備考	労働時間等(基本情報)	78	150
1198		Worker_AcceptWorkingMaster	交代勤務制１	労働時間等(交代勤務制の詳細)	79	150
1199		Worker_AcceptWorkingMaster	交代勤務制２	労働時間等(交代勤務制の詳細)	80	150
1200		Worker_AcceptWorkingMaster	交代勤務制３	労働時間等(交代勤務制の詳細)	81	150
1201		Worker_AcceptWorkingMaster	毎週定休制(定例の休日)	休日・休暇・退職	82	150
1202		Worker_AcceptWorkingMaster	日本の国民の祝日(定例の休日)	休日・休暇・退職	83	150
1203		Worker_AcceptWorkingMaster	その他の休日(定例の休日)	休日・休暇・退職	84	150
1204		Worker_AcceptWorkingMaster	年間合計休日日数	休日・休暇・退職	85	150
1205		Worker_AcceptWorkingMaster	週・月当たり(非定例の休日)	休日・休暇・退職	86	150
1206		Worker_AcceptWorkingMaster	その他の休日(非定例の休日)	休日・休暇・退職	87	150
1207		Worker_AcceptWorkingMaster	休日に関する就業規則条項１	休日・休暇・退職	88	150
1208		Worker_AcceptWorkingMaster	休日に関する就業規則条項２	休日・休暇・退職	89	150
1209		Worker_AcceptWorkingMaster	6か月継続勤務した場合の有給の支給数	休日・休暇・退職	90	150
1210		Worker_AcceptWorkingMaster	継続勤務6か月未満での有給の支給	休日・休暇・退職	91	150
1211		Worker_AcceptWorkingMaster	有給(その他)	休日・休暇・退職	92	150
1212		Worker_AcceptWorkingMaster	無給(その他)	休日・休暇・退職	93	150
1213		Worker_AcceptWorkingMaster	休暇に関する就業規則条項１	休日・休暇・退職	94	150
1214		Worker_AcceptWorkingMaster	休暇に関する就業規則条項２	休日・休暇・退職	95	150
1215		Worker_AcceptWorkingMaster	自己都合退職の手続きの場合	休日・休暇・退職	96	150
1216		Worker_AcceptWorkingMaster	退職に関する就業規則条項１	休日・休暇・退職	97	150
1217		Worker_AcceptWorkingMaster	退職に関する就業規則条項２	休日・休暇・退職	98	150
1218		Worker_AcceptWorkingMaster	支払区分	賃金とその他諸手当	99	150
1219		Worker_AcceptWorkingMaster	基本給	賃金とその他諸手当	100	150
1220		Worker_AcceptWorkingMaster	月給	賃金とその他諸手当	101	150
1221		Worker_AcceptWorkingMaster	日給	賃金とその他諸手当	102	150
1222		Worker_AcceptWorkingMaster	時給	賃金とその他諸手当	103	150
1223		Worker_AcceptWorkingMaster	その他手当名１	賃金とその他諸手当	104	150
1224		Worker_AcceptWorkingMaster	諸手当支給額(A)	賃金とその他諸手当	105	150
1225		Worker_AcceptWorkingMaster	計算方法１	賃金とその他諸手当	106	150
1226		Worker_AcceptWorkingMaster	その他手当名２	賃金とその他諸手当	107	150
1227		Worker_AcceptWorkingMaster	諸手当支給額(B)	賃金とその他諸手当	108	150
1228		Worker_AcceptWorkingMaster	計算方法２	賃金とその他諸手当	109	150
1229		Worker_AcceptWorkingMaster	その他手当名３	賃金とその他諸手当	110	150
1230		Worker_AcceptWorkingMaster	諸手当支給額(C)	賃金とその他諸手当	111	150
1231		Worker_AcceptWorkingMaster	計算方法３	賃金とその他諸手当	112	150
1232		Worker_AcceptWorkingMaster	その他手当名４	賃金とその他諸手当	113	150
1233		Worker_AcceptWorkingMaster	諸手当支給額(D)	賃金とその他諸手当	114	150
1234		Worker_AcceptWorkingMaster	計算方法４	賃金とその他諸手当	115	150
1235		Worker_AcceptWorkingMaster	昇給	賃金とその他諸手当	116	150
1236		Worker_AcceptWorkingMaster	昇給した際の金額、時期等	賃金とその他諸手当	117	150
1237		Worker_AcceptWorkingMaster	期末手当（賞与）	賃金とその他諸手当	118	150
1238		Worker_AcceptWorkingMaster	賞与の支給額	賃金とその他諸手当	119	150
1239		Worker_AcceptWorkingMaster	退職金	賃金とその他諸手当	120	150
1240		Worker_AcceptWorkingMaster	退職際の金額、時期等	賃金とその他諸手当	121	150
1241		Worker_AcceptWorkingMaster	休業手当	賃金とその他諸手当	122	150
1242		Worker_AcceptWorkingMaster	休業手当の支払割合	賃金とその他諸手当	123	150
1243		Worker_AcceptWorkingMaster	1か月当たりの支払概算額	賃金の支払・控除額一覧	124	150
1244		Worker_AcceptWorkingMaster	メモ欄	賃金の支払・控除額一覧	125	150
1245		Worker_AcceptWorkingMaster	1か月当たりの控除総額	賃金の支払・控除額一覧	126	150
1246		Worker_AcceptWorkingMaster	手取り支給額	賃金の支払・控除額一覧	127	150
1247		Worker_RegistOrgan	ID	規定	1	50
1248		Worker_RegistOrgan	氏名又は名称	規定	2	150
1249		Worker_RegistOrgan	氏名又は名称（かな）	規定	3	150
1250		Worker_RegistOrgan	氏名又は名称（英語表記）	規定	4	150
1251		Worker_RegistOrgan	郵便番号	規定	5	150
1252		Worker_RegistOrgan	住所	規定	6	150
1253		Worker_RegistOrgan	住所（英語表記）	規定	7	150
1254		Worker_RegistOrgan	電話番号	規定	8	150
1255		Worker_RegistOrgan	FAX番号	基本	9	150
1256		Worker_RegistOrgan	法人番号（13桁）	基本	10	150
1257		Worker_RegistOrgan	職員数(常勤数)	基本	11	150
1258		Worker_RegistOrgan	職員数(非常勤数)	基本	12	150
1259		Worker_RegistOrgan	職員数(合計)	基本	13	150
1260		Worker_RegistOrgan	メモ	基本	14	150
1261		Worker_RegistOrgan	登録支援機関の登録番号	登録支援機関情報１	15	150
1262		Worker_RegistOrgan	登録年月日	登録支援機関情報１	16	150
1263		Worker_RegistOrgan	支援業務開始予定日	登録支援機関情報１	17	150
1264		Worker_RegistOrgan	機関の類型	登録支援機関情報１	18	150
1265		Worker_RegistOrgan	弁護士	登録支援機関情報１	19	150
1266		Worker_RegistOrgan	司法書士	登録支援機関情報１	20	150
1267		Worker_RegistOrgan	社会保険労務士	登録支援機関情報１	21	150
1268		Worker_RegistOrgan	行政士	登録支援機関情報１	22	150
1269		Worker_RegistOrgan	その他（個人）	登録支援機関情報１	23	150
1270		Worker_RegistOrgan	株式会社	登録支援機関情報１	24	150
1271		Worker_RegistOrgan	商工会議所又は商工会	登録支援機関情報１	25	150
1272		Worker_RegistOrgan	中小企業事業協同組合	登録支援機関情報１	26	150
1273		Worker_RegistOrgan	農業協同組合	登録支援機関情報１	27	150
1274		Worker_RegistOrgan	漁業協同組合	登録支援機関情報１	28	150
1275		Worker_RegistOrgan	公益財団法人	登録支援機関情報１	29	150
1276		Worker_RegistOrgan	公益社団法人	登録支援機関情報１	30	150
1277		Worker_RegistOrgan	一般財団法人	登録支援機関情報１	31	150
1278		Worker_RegistOrgan	一般社団法人	登録支援機関情報１	32	150
1279		Worker_RegistOrgan	NPO法人	登録支援機関情報１	33	150
1280		Worker_RegistOrgan	弁護士法人	登録支援機関情報１	34	150
1281		Worker_RegistOrgan	行政書士法人	登録支援機関情報１	35	150
1282		Worker_RegistOrgan	その他（法人）	登録支援機関情報１	36	150
1283		Worker_RegistOrgan	対応言語１	登録支援機関情報１	37	150
1284		Worker_RegistOrgan	対応言語２	登録支援機関情報１	38	150
1285		Worker_RegistOrgan	対応言語３	登録支援機関情報１	39	150
1286		Worker_RegistOrgan	対応言語４	登録支援機関情報１	40	150
1287		Worker_RegistOrgan	対応言語５	登録支援機関情報１	41	150
1288		Worker_RegistOrgan	対応言語６	登録支援機関情報１	42	150
1289		Worker_RegistOrgan	対応言語７	登録支援機関情報１	43	150
1290		Worker_RegistOrgan	対応言語８	登録支援機関情報１	44	150
1291		Worker_RegistOrgan	対応言語９	登録支援機関情報１	45	150
1292		Worker_RegistOrgan	対応言語１０	登録支援機関情報１	46	150
1293		Worker_RegistOrganOffice	ID	規定	1	50
1294		Worker_RegistOrganOffice	登録支援機関の本部	規定	2	150
1295		Worker_RegistOrganOffice	氏名又は名称	規定	3	150
1296		Worker_RegistOrganOffice	氏名又は名称（かな）	規定	4	150
1297		Worker_RegistOrganOffice	氏名又は名称（英語表記）	規定	5	150
1298		Worker_RegistOrganOffice	郵便番号	規定	6	150
1299		Worker_RegistOrganOffice	住所	規定	7	150
1300		Worker_RegistOrganOffice	住所（英語表記）	規定	8	150
1301		Worker_RegistOrganOffice	電話番号	規定	9	150
1302		Worker_RegistOrganOffice	FAX番号	基本	10	150
1303		Worker_RegistOrganOffice	職員数(常勤数)	基本	11	150
1304		Worker_RegistOrganOffice	支援業務に従事する職員数(常勤数)	基本	12	150
1305		Worker_RegistOrganOffice	職員数(非常勤数)	基本	13	150
1306		Worker_RegistOrganOffice	支援業務に従事する職員数(非常勤数)	基本	14	150
1307		Worker_RegistOrganOffice	メモ	基本	15	150
1308		Worker_RegistOrganStaff	ID	規定	1	50
1309		Worker_RegistOrganStaff	登録支援機関の本部	規定	2	150
1310		Worker_RegistOrganStaff	所属する事業所（勤務先）	規定	3	150
1311		Worker_RegistOrganStaff	氏名	規定	4	150
1312		Worker_RegistOrganStaff	氏名（かな）	基本	5	150
1313		Worker_RegistOrganStaff	氏名（英語表記）	基本	6	150
1314		Worker_RegistOrganStaff	性別	基本	7	150
1315		Worker_RegistOrganStaff	生年月日	基本	8	150
1316		Worker_RegistOrganStaff	国籍・地域	基本	9	150
1317		Worker_RegistOrganStaff	郵便番号	基本	10	150
1318		Worker_RegistOrganStaff	住所	基本	11	150
1319		Worker_RegistOrganStaff	電話番号	基本	12	150
1320		Worker_RegistOrganStaff	役職名	規定	13	150
1321		Worker_RegistOrganStaff	資格・免許	基本	14	150
1322		Worker_RegistOrganStaff	代表取締役（個人事業主）	基本	15	150
1323		Worker_RegistOrganStaff	役員	規定	16	50
1324		Worker_RegistOrganStaff	支援責任者	規定	17	50
1325		Worker_RegistOrganStaff	支援担当者	規定	18	50
1326		Worker_RegistOrganStaff	書類作成責任者	規定	19	50
1327		Worker_RegistOrganStaff	説明担当者	規定	20	50
1328		Worker_RegistOrganStaff	生活相談業務に従事した経験	基本	21	150
1329		Worker_RegistOrganStaff	メモ	基本	22	150
1469		Intern_KanriGroupStaff	監査担当職員		15	0
1470		Intern_CompanyStaff	並び順		0	0
1472		Homonshido_Homonshido	実施者名		1	0
1473		Homonshido_Homonshido	事業所名		2	0
1474		Homonshido_Homonshido	所属グループ名		3	0
1475		Homonshido_Homonshido	訪問指導期間～		4	0
1476		Homonshido_Homonshido	～訪問指導期間		5	0
1477		Homonshido_Homonshido	職種		6	0
1478		Homonshido_Homonshido	目標		7	0
1479		Homonshido_Homonshido	時期		8	0
1480		Homonshido_Homonshido	確認方法		9	0
1481		Homonshido_Homonshido	監理事業所		10	0
1482		Homonshido_Homonshido	監理責任者		11	0
1483		Homonshido_Homonshido	訪問指導実施者		12	0
1484		Homonshido_Homonshido	技能実習責任者		13	0
1487		Worker_Accept	造船・舶用工業事業者番号	造船関連情報	48	150
1488		Worker_Accept	確認年月日(造船・舶用事業者)	造船関連情報	49	150
1489		Worker_Accept	有効期限(造船・舶用事業者)	造船関連情報	50	150
1490		Worker_AcceptWorkingMaster	その他手当名５	賃金とその他諸手当	124	150
1491		Worker_AcceptWorkingMaster	その他手当名６	賃金とその他諸手当	127	150
1492		Worker_AcceptWorkingMaster	その他手当名７	賃金とその他諸手当	130	150
1493		Worker_AcceptWorkingMaster	その他手当名８	賃金とその他諸手当	133	150
1494		Worker_AcceptWorkingMaster	その他手当名９	賃金とその他諸手当	136	150
1495		Worker_AcceptWorkingMaster	その他手当名１０	賃金とその他諸手当	139	150
1496		Worker_AcceptWorkingMaster	諸手当支給額(E)	賃金とその他諸手当	125	150
1497		Worker_AcceptWorkingMaster	諸手当支給額(F)	賃金とその他諸手当	128	150
1498		Worker_AcceptWorkingMaster	諸手当支給額(G)	賃金とその他諸手当	131	150
1499		Worker_AcceptWorkingMaster	諸手当支給額(H)	賃金とその他諸手当	134	150
1500		Worker_AcceptWorkingMaster	諸手当支給額(I)	賃金とその他諸手当	137	150
1501		Worker_AcceptWorkingMaster	諸手当支給額(J)	賃金とその他諸手当	140	150
1502		Worker_AcceptWorkingMaster	計算方法５	賃金とその他諸手当	126	150
1503		Worker_AcceptWorkingMaster	計算方法６	賃金とその他諸手当	129	150
1504		Worker_AcceptWorkingMaster	計算方法７	賃金とその他諸手当	132	150
1505		Worker_AcceptWorkingMaster	計算方法８	賃金とその他諸手当	135	150
1506		Worker_AcceptWorkingMaster	計算方法９	賃金とその他諸手当	138	150
1507		Worker_AcceptWorkingMaster	計算方法１０	賃金とその他諸手当	141	150
2240		Intern_KanriboPreview	実施者名		1	0
2241		Intern_KanriboPreview	事業所名		2	0
2242		Intern_KanriboPreview	管理費の種類		3	0
2243		Intern_KanriboPreview	管理費の詳細		4	0
2244		Intern_KanriboPreview	備考		5	0
2245		Intern_KanriboPreview	日付		6	0
2246		Intern_KanriboPreview	支出額		7	0
2247		Intern_KanriboPreview	徴収額		8	0
2248		Intern_Company	ID		1	0
2249		Intern_Company	実施者名		2	0
2250		Intern_Company	実施者名（かな）		3	0
2251		Intern_Company	電話番号		4	0
2252		Intern_Company	FAX番号		5	0
2253		Intern_Company	郵便番号		6	0
2254		Intern_Company	住所		7	0
2255		Intern_Company	資本金		8	0
2256		Intern_Company	法人番号		9	0
2257		Intern_Company	労働保険番号		10	0
2258		Intern_Company	業種 大分類		11	0
2259		Intern_Company	業種 小分類		12	0
2260		Intern_Company	主要商品		13	0
2261		Intern_Company	職種		14	0
2262		Intern_Company	業務内容		15	0
2263		Intern_Company	事業区分		16	0
2264		Intern_Company	届出受理番号		17	0
2265		Intern_Company	届出受理日付		18	0
2266		Intern_Company	決裁年度		19	0
2267		Intern_Company	会計年度		20	0
2268		Intern_Company	決算日		21	0
2269		Intern_Company	前年度売上		22	0
2270		Intern_Company	前年度経常損益		23	0
2271		Intern_Company	前年度当期純損益		24	0
2272		Intern_Company	常勤人数（事務員）		25	0
2273		Intern_Company	常勤人数（現場部員）		26	0
2274		Intern_Company	常勤人数（合計）		27	0
2275		Intern_Company	外国人数		28	0
2276		Intern_Company	総合計		29	0
2277		Intern_Company	優良要件適合		30	0
2278		Intern_Company	契約更新の有無		31	0
2279		Intern_Company	労働条件等 就業規則①		32	0
2280		Intern_Company	労働条件等 就業規則②		33	0
2281		Intern_Company	労働条件等 就業規則③		34	0
2282		Intern_Company	休日 定休日：毎週		35	0
2283		Intern_Company	休日 非定休日：週・月あたり		36	0
2284		Intern_Company	休日 就業規則①		37	0
2285		Intern_Company	休日 就業規則②		38	0
2286		Intern_Company	休暇 就業規則①		39	0
2287		Intern_Company	休暇 就業規則②		40	0
2288		Intern_Company	退職 自己都合退職の手続き		41	0
2289		Intern_Company	退職 就業規則①		42	0
2290		Intern_Company	退職 就業規則②		43	0
2291		Intern_Company	【1号】①記入の有無		44	0
2292		Intern_Company	【1号】①比較対象となる日本人労働者の職務内容や責任の程度		45	0
2293		Intern_Company	【1号】①比較対象となる日本人労働者の年齢、性別および経験年数		46	0
2294		Intern_Company	【1号】①比較対象となる日本人労働者の報酬		47	0
2295		Intern_Company	【1号】①技能実習生に対する報酬の理由		48	0
2296		Intern_Company	【1号】①その他		49	0
2297		Intern_Company	【1号】②記入の有無		50	0
2298		Intern_Company	【1号】②最も近い職務を担う日本人労働者の職務内容や責任の程度		51	0
2299		Intern_Company	【1号】②最も近い職務を担う日本人労働者の年齢、性別および経験年数		52	0
2300		Intern_Company	【1号】②最も近い職務を担う日本人労働者の報酬		53	0
2301		Intern_Company	【1号】②賃金規定の有無及び賃金規定に基づく賃金		54	0
2302		Intern_Company	【1号】②技能実習生に対する報酬の理由		55	0
2303		Intern_Company	【1号】②その他		56	0
2304		Intern_Company	【2号】①記入の有無		57	0
2305		Intern_Company	【2号】①比較対象となる日本人労働者の職務内容や責任の程度		58	0
2306		Intern_Company	【2号】①比較対象となる日本人労働者の年齢、性別および経験年数		59	0
2307		Intern_Company	【2号】①比較対象となる日本人労働者の報酬		60	0
2308		Intern_Company	【2号】①技能実習生に対する報酬の理由		61	0
2309		Intern_Company	【2号】①その他		62	0
2310		Intern_Company	【2号】②記入の有無		63	0
2311		Intern_Company	【2号】②最も近い職務を担う日本人労働者の職務内容や責任の程度		64	0
2312		Intern_Company	【2号】②最も近い職務を担う日本人労働者の年齢、性別および経験年数		65	0
2313		Intern_Company	【2号】②最も近い職務を担う日本人労働者の報酬		66	0
2314		Intern_Company	【2号】②賃金規定の有無及び賃金規定に基づく賃金		67	0
2315		Intern_Company	【2号】②技能実習生に対する報酬の理由		68	0
2316		Intern_Company	【2号】②その他		69	0
2317		Intern_Company	【3号】①記入の有無		70	0
2318		Intern_Company	【3号】①比較対象となる日本人労働者の職務内容や責任の程度		71	0
2319		Intern_Company	【3号】①比較対象となる日本人労働者の年齢、性別および経験年数		72	0
2320		Intern_Company	【3号】①比較対象となる日本人労働者の報酬		73	0
2321		Intern_Company	【3号】①技能実習生に対する報酬の理由		74	0
2322		Intern_Company	【3号】①その他		75	0
2323		Intern_Company	【3号】②記入の有無		76	0
2324		Intern_Company	【3号】②最も近い職務を担う日本人労働者の職務内容や責任の程度		77	0
2325		Intern_Company	【3号】②最も近い職務を担う日本人労働者の年齢、性別および経験年数		78	0
2326		Intern_Company	【3号】②最も近い職務を担う日本人労働者の報酬		79	0
2327		Intern_Company	【3号】②賃金規定の有無及び賃金規定に基づく賃金		80	0
2328		Intern_Company	【3号】②技能実習生に対する報酬の理由		81	0
2329		Intern_Company	【3号】②その他		82	0
2330		Intern_Company	技能実習を行わせるに至った経緯		83	0
2331		Intern_Company	技能実習の必要性		84	0
2332		Intern_Company	技能実習（規則第２条第２号）		85	0
2333		Intern_Company	技能実習（規則第３条第２号）		86	0
2334		Intern_Company	技能実習（規則第16条第１項第２号）		87	0
2335		Intern_Company	それぞれの職種及び作業に係る技能等が相互に関連している理由		88	0
2336		Intern_Company	複数の職種及び作業に係る技能実習を行う合理的な理由		89	0
2337		Intern_Company	識別コード（自由記載項目）		90	0
2338		Intern_Company	備考欄（自由記載項目）		91	0
2339		Intern_InternTest	合格・不合格日		17	0
2340		Intern_InternTest	制度区分		18	0
2344		Worker_AcceptStaff	所属部署	基本	21	150
2540		Worker_Accept	雇用保険適用事業所番号（11桁）【ハイフンなし】	基本１	51	150
2541		Worker_RegistOrgan	雇用保険適用事業所番号（11桁）【ハイフンなし】	基本	47	150
2916		Intern_KanriGroupLecture	介護・日本語科目の講師		47	0
2991		Worker_AcceptWorkingMaster	固定残業の有無	賃金とその他諸手当	128	150
2992		Worker_AcceptWorkingMaster	固定残業時間	賃金とその他諸手当	129	150
2993		Worker_AcceptWorkingMaster	固定残業代	賃金とその他諸手当	130	150
2994		Worker_AcceptWorkingMaster	固定残業代の計算方法	賃金とその他諸手当	131	150
3195		Worker_RegistOrgan	適格事業者登録番号	基本	48	150
3198		Worker_Worker	顔写真	規定	1	50
3199		Worker_Worker	ID	規定	2	50
3200		Worker_Worker	表示順	規定	3	50
3201		Worker_Worker	所属する特定技能所属機関	規定	4	150
3202		Worker_Worker	雇い入れ直後の事業所	基本	5	150
3203		Worker_Worker	名前	規定	6	150
3204		Worker_Worker	生年月日（年齢）	規定	7	150
3205		Worker_Worker	性別	規定	8	150
3206		Worker_Worker	配偶者の有無	規定	9	150
3207		Worker_Worker	国籍・地域（母国語）	規定	10	150
3208		Worker_Worker	携帯電話番号	規定	11	150
3209		Worker_Worker	労働条件マスター	基本	12	150
3210		Worker_Worker	支援責任者	基本	13	150
3211		Worker_Worker	支援担当者	基本	14	150
3212		Worker_Worker	在籍状況	基本	15	150
3213		Worker_Worker	帰国・失踪した日付	基本	16	150
3214		Worker_Worker	特定技能１号の期間	基本	17	150
3215		Worker_Worker	特定技能２号の期間	基本	18	150
3216		Worker_Worker	特定技能外国人の号数	基本	19	150
3217		Worker_Worker	１号→２号移行中	基本	20	150
3218		Worker_Worker	メモ	基本	21	150
3219		Worker_Worker	旅券番号	旅券番号・入国情報・出入国情報等	22	150
3220		Worker_Worker	旅券の有効期限	旅券番号・入国情報・出入国情報等	23	150
3221		Worker_Worker	入国予定日	旅券番号・入国情報・出入国情報等	24	150
3222		Worker_Worker	上陸予定港	旅券番号・入国情報・出入国情報等	25	150
3223		Worker_Worker	滞在予定期間	旅券番号・入国情報・出入国情報等	26	150
3224		Worker_Worker	同伴者	旅券番号・入国情報・出入国情報等	27	150
3225		Worker_Worker	査証申請予定地	旅券番号・入国情報・出入国情報等	28	150
3226		Worker_Worker	入国日	旅券番号・入国情報・出入国情報等	29	150
3227		Worker_Worker	過去の出入国歴	旅券番号・入国情報・出入国情報等	30	150
3228		Worker_Worker	出入国回数	旅券番号・入国情報・出入国情報等	31	150
3229		Worker_Worker	直近の出入国歴	旅券番号・入国情報・出入国情報等	32	150
3230		Worker_Worker	犯罪を理由とする処分の有無	旅券番号・入国情報・出入国情報等	33	150
3231		Worker_Worker	犯罪を理由とする処分の内容	旅券番号・入国情報・出入国情報等	34	150
3232		Worker_Worker	強制出国歴の有無	旅券番号・入国情報・出入国情報等	35	150
3233		Worker_Worker	強制出国回数	旅券番号・入国情報・出入国情報等	36	150
3234		Worker_Worker	直近の送還歴	旅券番号・入国情報・出入国情報等	37	150
3235		Worker_Worker	出生地	旅券番号・入国情報・出入国情報等	38	150
3236		Worker_Worker	居住国における住所	旅券番号・入国情報・出入国情報等	39	150
3237		Worker_Worker	在留カード番号	旅券番号・入国情報・出入国情報等	40	150
3238		Worker_Worker	在留期間の満了日	旅券番号・入国情報・出入国情報等	41	150
3239		Worker_Worker	受理番号	旅券番号・入国情報・出入国情報等	42	150
3240		Worker_Worker	在日親族１	在日親族の有無と職歴について	43	150
3241		Worker_Worker	在日親族２	在日親族の有無と職歴について	44	150
3242		Worker_Worker	在日親族３	在日親族の有無と職歴について	45	150
3243		Worker_Worker	在日親族４	在日親族の有無と職歴について	46	150
3244		Worker_Worker	在日親族５	在日親族の有無と職歴について	47	150
3245		Worker_Worker	在日親族６	在日親族の有無と職歴について	48	150
3246		Worker_Worker	学歴・職歴１	在日親族の有無と職歴について	49	150
3247		Worker_Worker	学歴・職歴２	在日親族の有無と職歴について	50	150
3248		Worker_Worker	学歴・職歴３	在日親族の有無と職歴について	51	150
3249		Worker_Worker	学歴・職歴４	在日親族の有無と職歴について	52	150
3250		Worker_Worker	学歴・職歴５	在日親族の有無と職歴について	53	150
3251		Worker_Worker	学歴・職歴６	在日親族の有無と職歴について	54	150
3252		Worker_Worker	資格・免許	資格・免許等について	55	150
3253		Worker_Worker	在留歴１	資格・免許等について	56	150
3254		Worker_Worker	在留歴２	資格・免許等について	57	150
3255		Worker_Worker	在留歴３	資格・免許等について	58	150
3256		Worker_Worker	在留歴４	資格・免許等について	59	150
3257		Worker_Worker	在留歴５	資格・免許等について	60	150
3258		Worker_Worker	在留歴６	資格・免許等について	61	150
3259		Worker_Worker	在留歴７	資格・免許等について	62	150
3260		Worker_Worker	母国の住所	旅券番号・入国情報・出入国情報等	63	150
3261		Worker_Worker	母国の住所	旅券番号・入国情報・出入国情報等	64	150
3262		Worker_Worker	所属部署	基本	65	150
3263		Worker_Worker	役職	基本	66	150
3264		Worker_Worker	メールアドレス	基本	67	150
3265		Worker_Worker	メールアドレス	基本	68	150
3266		Worker_Worker	メールアドレス	基本	69	150
3267		Worker_Worker	メールアドレス	基本	70	150
3268		Worker_Worker	メールアドレス	基本	71	150
3269		Worker_Worker	「特定技能」へ在留資格を変更する以前の在留資格に関する情報	基本	72	150
3270		Worker_Worker	出国予定日	旅券番号・入国情報・出入国情報等	73	150
3271		Worker_Worker	表示順	基本	74	50
3272		Worker_Worker	申請日	基本	75	50
3274		Dashborad_FlowTask_Worker	タスク名		1	0
3275		Dashborad_FlowTask_Worker	担当者名		2	0
3276		Dashborad_FlowTask_Worker	期限		3	0
3277		Worker_RegistOrgan	適格事業者登録番号	基本	48	150
3278		Dashborad_FlowTask	タスク名		1	0
3279		Dashborad_FlowTask	担当者名		2	0
3280		Dashborad_FlowTask	期限		3	0
3281		FlowHack_Work	ワーク名		1	0
3282		FlowHack_Work	申請種別		2	0
3283		FlowHack_Work	ワークフロー		3	0
3284		FlowHack_Work	更新日		4	0
3285		FlowHack_Work	編集者		5	0
3286		FlowHack_WorkFlow	ワークフロー名		1	0
3287		FlowHack_WorkFlow	申請種別		2	0
3288		FlowHack_WorkFlow	更新日		3	0
3289		FlowHack_WorkFlow	編集者		4	0
3290		Intern_Intern	顔写真		1	0
3291		Intern_Intern	ID		2	0
3292		Intern_Intern	表示順		3	0
3293		Intern_Intern	実施者名		4	0
3294		Intern_Intern	所属グループ		5	0
3295		Intern_Intern	名前		6	0
3296		Intern_Intern	名前（ローマ字）		7	0
3297		Intern_Intern	名前（漢字）		8	0
3298		Intern_Intern	名前（ヨミガナ）		9	0
3299		Intern_Intern	生年月日		10	0
3300		Intern_Intern	性別		11	0
3301		Intern_Intern	配偶者		12	0
3302		Intern_Intern	国籍		13	0
3303		Intern_Intern	母国語		14	0
3304		Intern_Intern	日本国内での職業		15	0
3305		Intern_Intern	携帯電話番号		16	0
3306		Intern_Intern	出生地		17	0
3307		Intern_Intern	本国における住居地		18	0
3308		Intern_Intern	在籍状況		19	0
3309		Intern_Intern	帰国・失踪日		20	0
3310		Intern_Intern	実習再開日		21	0
3311		Intern_Intern	新制度対応		22	0
3312		Intern_Intern	実習中の移籍歴		23	0
3313		Intern_Intern	移籍日		24	0
3314		Intern_Intern	送り出し機関名		25	0
3315		Intern_Intern	実習事業所(雇入れ直後)		26	0
3316		Intern_Intern	宿泊施設		27	0
3317		Intern_Intern	勤務先名称		28	0
3318		Intern_Intern	郵便番号		29	0
3319		Intern_Intern	住所		30	0
3320		Intern_Intern	移行職種		31	0
3321		Intern_Intern	移行職種以外の場合		32	0
3322		Intern_Intern	入国予定日		33	0
3323		Intern_Intern	入国日		34	0
3324		Intern_Intern	3号入国日		35	0
3325		Intern_Intern	予定帰国期間		36	0
3326		Intern_Intern	入国前講習の有無		37	0
3327		Intern_Intern	講習施設		38	0
3328		Intern_Intern	入国後講習期間		39	0
3329		Intern_Intern	実習1号 認定		40	0
3330		Intern_Intern	実習2号 認定		41	0
3331		Intern_Intern	実習3号 認定		42	0
3332		Intern_Intern	雇用契約期間の定め		43	0
3333		Intern_Intern	雇用契約期間		44	0
3334		Intern_Intern	使用テンプレート		45	0
3335		Intern_Intern	実習期間		46	0
3336		Intern_Intern	勤務時間		47	0
3337		Intern_Intern	休憩時間		48	0
3338		Intern_Intern	休憩時間合計		49	0
3339		Intern_Intern	所定労働時間		50	0
3340		Intern_Intern	年間労働日数		51	0
3341		Intern_Intern	時間外労働有無		52	0
3342		Intern_Intern	年間休日日数		53	0
3343		Intern_Intern	休日形態について		54	0
3344		Intern_Intern	【実習1号】実習時間		55	0
3345		Intern_Intern	【実習2号】実習時間		56	0
3346		Intern_Intern	【実習3号】実習時間		57	0
3347		Intern_Intern	入国後講習時間		58	0
3348		Intern_Intern	技能実習の延べ期間		59	0
3349		Intern_Intern	変形労働時間制		60	0
3350		Intern_Intern	交代制勤務		61	0
3351		Intern_Intern	年次有給休暇 6か月継続勤務		62	0
3352		Intern_Intern	年次有給休暇 継続勤務6か月未満		63	0
3353		Intern_Intern	休暇について		64	0
3354		Intern_Intern	その他の休暇詳細 有給		65	0
3355		Intern_Intern	その他の休暇詳細 無給		66	0
3356		Intern_Intern	支払区分		67	0
3357		Intern_Intern	実習1号 給料		68	0
3358		Intern_Intern	実習2号 給料		69	0
3359		Intern_Intern	実習3号 給料		70	0
3360		Intern_Intern	通勤手当		71	0
3361		Intern_Intern	諸手当①		72	0
3362		Intern_Intern	諸手当②		73	0
3363		Intern_Intern	諸手当③		74	0
3364		Intern_Intern	諸手当④		75	0
3365		Intern_Intern	期末手当（賞与）		76	0
3366		Intern_Intern	賞与の支給額		77	0
3367		Intern_Intern	賞与の支払時期、その他条件		78	0
3368		Intern_Intern	休業手当の支給割合		79	0
3369		Intern_Intern	昇給		80	0
3370		Intern_Intern	昇給した際の昇給額		81	0
3371		Intern_Intern	昇給時期、その他条件		82	0
3372		Intern_Intern	退職金		83	0
3373		Intern_Intern	退職した際の金額		84	0
3374		Intern_Intern	退職の支払時期、その他条件		85	0
3375		Intern_Intern	法定超月60時間以内		86	0
3376		Intern_Intern	法定超月60時間超		87	0
3377		Intern_Intern	所定超		88	0
3378		Intern_Intern	法定休日労働		89	0
3379		Intern_Intern	法定外休日労働		90	0
3380		Intern_Intern	深夜労働		91	0
3381		Intern_Intern	賃金計算の締日①		92	0
3382		Intern_Intern	賃金計算の締日②		93	0
3383		Intern_Intern	賃金の支払日①		94	0
3384		Intern_Intern	賃金の支払日②		95	0
3385		Intern_Intern	賃金支払い方法		96	0
3386		Intern_Intern	賃金支払い時の控除		97	0
3387		Intern_Intern	社会保険 加入状況 厚生年金		98	0
3388		Intern_Intern	社会保険 加入状況 国民年金		99	0
3389		Intern_Intern	社会保険 加入状況 健康保険		100	0
3390		Intern_Intern	社会保険 加入状況 国民健康保険		101	0
3391		Intern_Intern	社会保険 加入状況 その他		102	0
3392		Intern_Intern	社会保険 控除総額		103	0
3393		Intern_Intern	労働保険 適用 雇用保険		104	0
3394		Intern_Intern	労働保険 適用 労災保険		105	0
3395		Intern_Intern	労働保険 控除総額		106	0
3396		Intern_Intern	税金関連 所得税		107	0
3397		Intern_Intern	税金関連 住民税		108	0
3398		Intern_Intern	雇入れ時の健康診断		109	0
3399		Intern_Intern	初回の定期健康診断		110	0
3400		Intern_Intern	その後の健康診断		111	0
3401		Intern_Intern	①技能実習生 概算額		112	0
3402		Intern_Intern	②食費 提供の有無		113	0
3403		Intern_Intern	②食費 食費負担額		114	0
3404		Intern_Intern	②食費 具体的な内容		115	0
3405		Intern_Intern	②食費 説明		116	0
3406		Intern_Intern	③居住費 居住費		117	0
3407		Intern_Intern	③居住費 具体的な内容		118	0
3408		Intern_Intern	③居住費 説明		119	0
3409		Intern_Intern	④水道光熱費 徴収の有無		120	0
3410		Intern_Intern	④水道光熱費 水道光熱費		121	0
3411		Intern_Intern	④水道光熱費 詳細		122	0
3412		Intern_Intern	⑤その他 費用の有無		123	0
3413		Intern_Intern	⑤その他 通信費		124	0
3414		Intern_Intern	⑤その他 内容１		125	0
3415		Intern_Intern	⑤その他 内容２		126	0
3416		Intern_Intern	⑤その他 内容３		127	0
3417		Intern_Intern	⑤その他 内容４		128	0
3418		Intern_Intern	⑤その他 具体的な便益の内容		129	0
3419		Intern_Intern	⑤その他 説明		130	0
3420		Intern_Intern	【認定申請時】提出先入管名		131	0
3421		Intern_Intern	【変更・更新申請時】提出先入管名		132	0
3422		Intern_Intern	旅券		133	0
3423		Intern_Intern	入国地点 上陸予定港		134	0
3424		Intern_Intern	入国地点 滞在予定期間		135	0
3425		Intern_Intern	入国地点 査証申請予定地		136	0
3426		Intern_Intern	出入国 過去の出入国歴		137	0
3427		Intern_Intern	出入国 回数		138	0
3428		Intern_Intern	出入国 直近の出入国歴		139	0
3429		Intern_Intern	在留資格 現に有する在留資格		140	0
3430		Intern_Intern	在留資格 在留期間		141	0
3431		Intern_Intern	在留資格 在留カード番号		142	0
3432		Intern_Intern	在留資格 在留期間の満了日		143	0
3433		Intern_Intern	申請者・代理人		144	0
3434		Intern_Intern	更新・変更許可申請の理由【変更時】		145	0
3435		Intern_Intern	更新・変更許可申請の理由【更新時】		146	0
3436		Intern_Intern	通知送信用メールアドレス		147	0
3437		Intern_Intern	在日親族 記入		148	0
3438		Intern_Intern	在日親族①		149	0
3439		Intern_Intern	在日親族②		150	0
3440		Intern_Intern	在日親族③		151	0
3441		Intern_Intern	在日親族④		152	0
3442		Intern_Intern	在日親族⑤		153	0
3443		Intern_Intern	在日親族⑥		154	0
3444		Intern_Intern	学歴・職歴① 期間		155	0
3445		Intern_Intern	学歴・職歴① 学歴・勤務歴		156	0
3446		Intern_Intern	学歴・職歴② 期間		157	0
3447		Intern_Intern	学歴・職歴② 学歴・勤務歴		158	0
3448		Intern_Intern	学歴・職歴③ 期間		159	0
3449		Intern_Intern	学歴・職歴③ 学歴・勤務歴		160	0
3450		Intern_Intern	学歴・職歴④ 期間		161	0
3451		Intern_Intern	学歴・職歴④ 学歴・勤務歴		162	0
3452		Intern_Intern	学歴・職歴⑤ 期間		163	0
3453		Intern_Intern	学歴・職歴⑤ 学歴・勤務歴		164	0
3454		Intern_Intern	学歴・職歴⑥ 期間		165	0
3455		Intern_Intern	学歴・職歴⑥ 学歴・勤務歴		166	0
3456		Intern_Intern	現地で勤務 所属機関名		167	0
3457		Intern_Intern	現地で勤務 代表者の氏名		168	0
3458		Intern_Intern	現地で勤務 所在地		169	0
3459		Intern_Intern	現地で勤務 電話番号		170	0
3460		Intern_Intern	現地で勤務 メールアドレス		171	0
3461		Intern_Intern	現地で勤務 設立年月日		172	0
3462		Intern_Intern	現地で勤務 関係 入国前講習の実施に関与する者		173	0
3463		Intern_Intern	現地で勤務 関係 その他		174	0
3464		Intern_Intern	現地で勤務 業種、主要製品及び主要業務		175	0
3465		Intern_Intern	現地で勤務 資本金		176	0
3466		Intern_Intern	現地で勤務 売上		177	0
3467		Intern_Intern	現地で勤務 常勤職員数		178	0
3468		Intern_Intern	現地で勤務 所属部署名		179	0
3469		Intern_Intern	現地で勤務 職種		180	0
3470		Intern_Intern	現地で勤務 技能実習の実施の経緯		181	0
3471		Intern_Intern	現地で勤務 技能実習の期間中の処遇		182	0
3472		Intern_Intern	現地で勤務 技能実習の終了後の措置予定		183	0
3473		Intern_Intern	現地で勤務 実習に係る業務の経験年数		184	0
3474		Intern_Intern	習得した日本語		185	0
3475		Intern_Intern	習得した日本語 日本語科目講師		186	0
3476		Intern_Intern	習得した日本語 介護専門講師		187	0
3477		Intern_Intern	技能実習生の職務内容や責任の程度		188	0
3478		Intern_Intern	メモ欄		189	0
3479		Intern_Intern	識別コード（自由欄）		190	0
3480		Intern_Intern	区分		191	0
3481		Intern_Intern	ステータス		192	0
3482		Intern_Intern	技能検定		193	0
3483		Intern_Intern	技能評価試験		194	0
3484		Intern_Intern	監理事業所名		195	0
3485		Intern_Intern	満了帰国日		196	0
3486		Worker_Worker	変更の可能性の事業所	基本	82	150
3487		Worker_Worker	雇い入れ直後の分野・区分	基本	83	150
3488		Worker_Worker	変更の可能性の分野・区分	基本	84	150
3492		Intern_Intern	実習事業所(変更の範囲)		29	0
3493		Intern_Intern	移行職種(雇入れ直後)		35	0
3494		Intern_Intern	移行職種(変更の範囲)		36	0
3495	4	FlowHack_WorkProgressList2	実施者名		1	0
3496	4	FlowHack_WorkProgressList2	所属グループ		2	0
3497	4	FlowHack_WorkProgressList2	国籍		3	0
3498	4	FlowHack_WorkProgressList2	入国予定日		4	0
3499	4	FlowHack_WorkProgressList2	人数		5	0
3514	3	FlowHack_WorkProgressList2	実施者名		1	0
3515	3	FlowHack_WorkProgressList2	所属グループ		2	0
3516	3	FlowHack_WorkProgressList2	国籍		3	0
3517	3	FlowHack_WorkProgressList2	入国予定日		4	0
3518	3	FlowHack_WorkProgressList2	人数		5	0
3534	3	FlowHack_WorkProgressList3	実施者名		1	0
3535	3	FlowHack_WorkProgressList3	所属グループ		2	0
3536	3	FlowHack_WorkProgressList3	国籍		3	0
3537	3	FlowHack_WorkProgressList3	入国予定日		4	0
3538	3	FlowHack_WorkProgressList3	人数		5	0
3542	3	FlowHack_WorkProgressList1	実施者名		1	0
3543	3	FlowHack_WorkProgressList1	所属グループ		2	0
3544	3	FlowHack_WorkProgressList1	国籍		3	0
3545	3	FlowHack_WorkProgressList1	入国予定日		4	0
3546	3	FlowHack_WorkProgressList1	人数		5	0
3571	3	FlowHack_WorkProgressList3	軽微変更発生		5	0
3572	3	FlowHack_WorkProgressList3	困難事由発生		6	0
3573	3	FlowHack_WorkProgressList3	変更認定発生		7	0
3574	4	FlowHack_WorkProgressList1	実施者名		1	0
3575	4	FlowHack_WorkProgressList1	所属グループ		2	0
3576	4	FlowHack_WorkProgressList1	国籍		3	0
3577	4	FlowHack_WorkProgressList1	入国予定日		4	0
3578	4	FlowHack_WorkProgressList1	人数		5	0
3617	3	FlowHack_WorkProgressList1	受入前事前説明		5	0
3618	3	FlowHack_WorkProgressList1	求人		6	0
3619	3	FlowHack_WorkProgressList1	求職		7	0
3620	3	FlowHack_WorkProgressList1	雇用契約関係書類の準備		8	0
3621	3	FlowHack_WorkProgressList1	面接		9	0
3622	3	FlowHack_WorkProgressList1	入国手続		10	0
3623	3	FlowHack_WorkProgressList1	出入国		11	0
3672	3	FlowHack_WorkProgressList2	２号（１年目）実習管理		5	0
3673	4	FlowHack_WorkProgressList2	入国後講習		5	0
3674	4	FlowHack_WorkProgressList2	１号実習管理		6	0
3675	4	FlowHack_WorkProgressList2	２号（１年目）実習管理		7	0
3676	4	FlowHack_WorkProgressList2	２号（２年目）実習管理		8	0
3677	4	FlowHack_WorkProgressList2	出入国管理		9	0
3678	4	FlowHack_WorkProgressList2	３号（１年目）実習管理		10	0
3679	4	FlowHack_WorkProgressList2	３号（２年目）実習管理		11	0
3688	4	FlowHack_WorkProgressList1	受入前事前説明		5	0
3689	4	FlowHack_WorkProgressList3	実施者名		1	0
3690	4	FlowHack_WorkProgressList3	所属グループ		2	0
3691	4	FlowHack_WorkProgressList3	国籍		3	0
3692	4	FlowHack_WorkProgressList3	入国予定日		4	0
3693	4	FlowHack_WorkProgressList3	人数		5	0
3705	4	FlowHack_WorkProgressList3	軽微変更発生		5	0
3706	4	FlowHack_WorkProgressList3	困難事由発生		6	0
3707	4	FlowHack_WorkProgressList3	変更認定発生		7	0
